ERC report (2026-07-01T18:09:59, Encoding UTF8)
Report includes: Errors, Warnings, Exclusions

***** Sheet /
[lib_symbol_issues]: The current configuration does not include the symbol library 'FR1-1-rescue'
    ; warning
    @(2800 mils, 5300 mils): Symbol CONECTOR_FR1_1 [CONN_35X2-conn_35x2]
[lib_symbol_issues]: The current configuration does not include the symbol library 'FAC-5-rescue'
    ; warning
    @(2950 mils, 10000 mils): Symbol CONECTOR_FAC_5 [CONN_35X2-conn_35x2]
[lib_symbol_issues]: The current configuration does not include the symbol library 'CT2-5-rescue'
    ; warning
    @(3150 mils, 20000 mils): Symbol CONECTOR_CT2_5 [CONN_35X2]
[lib_symbol_issues]: The current configuration does not include the symbol library 'CRC-1-rescue'
    ; warning
    @(3300 mils, 14850 mils): Symbol CONECTOR_CRC_1 [CONN_35X2]
[lib_symbol_issues]: The current configuration does not include the symbol library 'FR1-1-rescue'
    ; warning
    @(7950 mils, 5300 mils): Symbol CONECTOR_FR2_2 [CONN_35X2-conn_35x2]
[lib_symbol_issues]: The current configuration does not include the symbol library 'CT3-6-rescue'
    ; warning
    @(8000 mils, 20000 mils): Symbol CONECTOR_CT3_6 [CONN_35X2]
[lib_symbol_issues]: The current configuration does not include the symbol library 'CCE-2-rescue'
    ; warning
    @(8200 mils, 14900 mils): Symbol CONECTOR_CCE_2 [CONN_35X2]
[lib_symbol_issues]: The current configuration does not include the symbol library 'FM1-6-rescue'
    ; warning
    @(8250 mils, 9950 mils): Symbol CONECTOR_FM1_6 [CONN_35X2]
[lib_symbol_issues]: The current configuration does not include the symbol library 'FS1-3-rescue'
    ; warning
    @(12600 mils, 5300 mils): Symbol CONECTOR_FS1_3 [CONN_35X2-conn_35x2]
[footprint_link_issues]: The current configuration does not include the footprint library 'Pin_Headers'
    ; warning
    @(12650 mils, 14900 mils): Symbol CONECTOR_CDE_3 [CONN_35X2-RESCUE-CDE-3]
[lib_symbol_issues]: The current configuration does not include the symbol library 'CDE-3-rescue'
    ; warning
    @(12650 mils, 14900 mils): Symbol CONECTOR_CDE_3 [CONN_35X2-RESCUE-CDE-3]
[lib_symbol_issues]: The current configuration does not include the symbol library 'FCM-7-rescue'
    ; warning
    @(12700 mils, 9950 mils): Symbol CONECTOR_FCM_7 [CONN_35X2]
[lib_symbol_issues]: The current configuration does not include the symbol library 'CT4-7-rescue'
    ; warning
    @(12700 mils, 20000 mils): Symbol CONECTOR_CT4_7 [CONN_35X2]
[lib_symbol_issues]: The current configuration does not include the symbol library 'CT1-4-rescue'
    ; warning
    @(16800 mils, 14900 mils): Symbol CONECTOR_CT1_4 [CONN_35X2]
[lib_symbol_issues]: The current configuration does not include the symbol library 'FS1-3-rescue'
    ; warning
    @(17050 mils, 5300 mils): Symbol CONECTOR_FS2_4 [CONN_35X2-conn_35x2]
[lib_symbol_issues]: The current configuration does not include the symbol library 'FIN-8-rescue'
    ; warning
    @(17400 mils, 9950 mils): Symbol CONECTOR_FIN_8 [CONN_35X2]
[lib_symbol_issues]: The current configuration does not include the symbol library 'CT5-8-rescue'
    ; warning
    @(17500 mils, 20000 mils): Symbol CONECTOR_CT5_8 [CONN_35X2]
[lib_symbol_issues]: The current configuration does not include the symbol library 'PCP-2-rescue'
    ; warning
    @(22550 mils, 14750 mils): Symbol #PWR075 [+24V-power]
[lib_symbol_issues]: The current configuration does not include the symbol library 'PCP-2-rescue'
    ; warning
    @(24600 mils, 14800 mils): Symbol CONECTOR_TRASEIRO_PCP_2 [CONN_35X2]
[lib_symbol_issues]: The current configuration does not include the symbol library 'PMR-1-rescue'
    ; warning
    @(24650 mils, 9750 mils): Symbol CONECTOR_TRASEIRO_PMR_1 [CONN_35X2]
[lib_symbol_issues]: The current configuration does not include the symbol library 'PCP-2-rescue'
    ; warning
    @(25450 mils, 13000 mils): Symbol #PWR078 [+24V-power]
[lib_symbol_issues]: The current configuration does not include the symbol library 'PCP-2-rescue'
    ; warning
    @(27850 mils, 16450 mils): Symbol #PWR071 [+24V-power]
[lib_symbol_issues]: The current configuration does not include the symbol library 'PMR-1-rescue'
    ; warning
    @(28750 mils, 9750 mils): Symbol CONECTOR_FRONTAL_PMR_1 [CONN_35X2]
[lib_symbol_issues]: The current configuration does not include the symbol library 'PCP-2-rescue'
    ; warning
    @(28900 mils, 14800 mils): Symbol CONECTOR_FRONTAL_PCP_2 [CONN_35X2]
[lib_symbol_issues]: The current configuration does not include the symbol library 'PCP-2-rescue'
    ; warning
    @(30750 mils, 14650 mils): Symbol #PWR073 [+24V-power]
[lib_symbol_issues]: Symbol '74LS54' not found in symbol library '74xx'
    ; warning
    @(1700 mils, -1000 mils): Symbol 5B_FR1 [74LS54]
[lib_symbol_issues]: Symbol '74LS54' not found in symbol library '74xx'
    ; warning
    @(2150 mils, -1000 mils): Symbol 5A_FR1 [74LS54]
[lib_symbol_issues]: The current configuration does not include the symbol library 'FR1-1-rescue'
    ; warning
    @(2400 mils, 14050 mils): Symbol CONECTOR_P1_FR2 [CONN_35X2-conn_35x2]
[lib_symbol_issues]: The current configuration does not include the symbol library 'FR1-1-rescue'
    ; warning
    @(2500 mils, 2600 mils): Symbol CONECTOR_P1_FR1 [CONN_35X2-conn_35x2]
[lib_symbol_issues]: Symbol '74LS54' not found in symbol library '74xx'
    ; warning
    @(2600 mils, -1000 mils): Symbol 5B_FR2 [74LS54]
[lib_symbol_issues]: Symbol '74LS54' not found in symbol library '74xx'
    ; warning
    @(3050 mils, -1000 mils): Symbol 5A_FR2 [74LS54]
[lib_symbol_issues]: Symbol '74LS54' not found in symbol library '74xx'
    ; warning
    @(6450 mils, 5950 mils): Symbol 5B_FR1 [74LS54]
[lib_symbol_issues]: Symbol '74LS54' not found in symbol library '74xx'
    ; warning
    @(6450 mils, 7150 mils): Symbol 5A_FR1 [74LS54]
[lib_symbol_issues]: Symbol '74LS54' not found in symbol library '74xx'
    ; warning
    @(6450 mils, 11000 mils): Symbol 5B_FR2 [74LS54]
[lib_symbol_issues]: Symbol '74LS54' not found in symbol library '74xx'
    ; warning
    @(6450 mils, 12200 mils): Symbol 5A_FR2 [74LS54]
[lib_symbol_issues]: The current configuration does not include the symbol library 'CCE-2-rescue'
    ; warning
    @(9350 mils, 1400 mils): Symbol 3C_FR1 [74HC74]
[lib_symbol_issues]: The current configuration does not include the symbol library 'CCE-2-rescue'
    ; warning
    @(9350 mils, 2600 mils): Symbol 3C_FR1 [74HC74]
[lib_symbol_issues]: The current configuration does not include the symbol library 'CCE-2-rescue'
    ; warning
    @(9350 mils, 3800 mils): Symbol 3B_FR1 [74HC74]
[lib_symbol_issues]: The current configuration does not include the symbol library 'CCE-2-rescue'
    ; warning
    @(9350 mils, 5000 mils): Symbol 3B_FR1 [74HC74]
[lib_symbol_issues]: The current configuration does not include the symbol library 'CCE-2-rescue'
    ; warning
    @(9350 mils, 6200 mils): Symbol 3A_FR1 [74HC74]
[lib_symbol_issues]: The current configuration does not include the symbol library 'CCE-2-rescue'
    ; warning
    @(9350 mils, 7400 mils): Symbol 3A_FR1 [74HC74]
[lib_symbol_issues]: The current configuration does not include the symbol library 'CCE-2-rescue'
    ; warning
    @(9350 mils, 9200 mils): Symbol 3C_FR2 [74HC74]
[lib_symbol_issues]: The current configuration does not include the symbol library 'CCE-2-rescue'
    ; warning
    @(9350 mils, 10400 mils): Symbol 3C_FR2 [74HC74]
[lib_symbol_issues]: The current configuration does not include the symbol library 'CCE-2-rescue'
    ; warning
    @(9350 mils, 11600 mils): Symbol 3B_FR2 [74HC74]
[lib_symbol_issues]: The current configuration does not include the symbol library 'CCE-2-rescue'
    ; warning
    @(9350 mils, 12800 mils): Symbol 3B_FR2 [74HC74]
[lib_symbol_issues]: The current configuration does not include the symbol library 'CCE-2-rescue'
    ; warning
    @(9350 mils, 14000 mils): Symbol 3A_FR2 [74HC74]
[lib_symbol_issues]: The current configuration does not include the symbol library 'CCE-2-rescue'
    ; warning
    @(9350 mils, 15200 mils): Symbol 3A_FR2 [74HC74]
[lib_symbol_issues]: The current configuration does not include the symbol library 'CCE-2-rescue'
    ; warning
    @(12700 mils, 1250 mils): Symbol 1C_FR1 [74HC74]
[lib_symbol_issues]: The current configuration does not include the symbol library 'CCE-2-rescue'
    ; warning
    @(12700 mils, 2500 mils): Symbol 1C_FR1 [74HC74]
[lib_symbol_issues]: The current configuration does not include the symbol library 'CCE-2-rescue'
    ; warning
    @(12700 mils, 3700 mils): Symbol 1B_FR1 [74HC74]
[lib_symbol_issues]: The current configuration does not include the symbol library 'CCE-2-rescue'
    ; warning
    @(12700 mils, 4950 mils): Symbol 1B_FR1 [74HC74]
[lib_symbol_issues]: The current configuration does not include the symbol library 'CCE-2-rescue'
    ; warning
    @(12700 mils, 6200 mils): Symbol 1A_FR1 [74HC74]
[lib_symbol_issues]: The current configuration does not include the symbol library 'CCE-2-rescue'
    ; warning
    @(12700 mils, 7450 mils): Symbol 1A_FR1 [74HC74]
[lib_symbol_issues]: The current configuration does not include the symbol library 'CCE-2-rescue'
    ; warning
    @(12700 mils, 9000 mils): Symbol 1C_FR2 [74HC74]
[lib_symbol_issues]: The current configuration does not include the symbol library 'CCE-2-rescue'
    ; warning
    @(12700 mils, 10250 mils): Symbol 1C_FR2 [74HC74]
[lib_symbol_issues]: The current configuration does not include the symbol library 'CCE-2-rescue'
    ; warning
    @(12700 mils, 11450 mils): Symbol 1B_FR2 [74HC74]
[lib_symbol_issues]: The current configuration does not include the symbol library 'CCE-2-rescue'
    ; warning
    @(12700 mils, 12700 mils): Symbol 1B_FR2 [74HC74]
[lib_symbol_issues]: The current configuration does not include the symbol library 'CCE-2-rescue'
    ; warning
    @(12700 mils, 13950 mils): Symbol 1A_FR2 [74HC74]
[lib_symbol_issues]: The current configuration does not include the symbol library 'CCE-2-rescue'
    ; warning
    @(12700 mils, 15200 mils): Symbol 1A_FR2 [74HC74]
[footprint_link_issues]: The current configuration does not include the footprint library 'Housings_DIP'
    ; warning
    @(15500 mils, 2000 mils): Symbol 1E_FR1 [7400-RESCUE-CDE-3]
[lib_symbol_issues]: The current configuration does not include the symbol library 'CDE-3-rescue'
    ; warning
    @(15500 mils, 2000 mils): Symbol 1E_FR1 [7400-RESCUE-CDE-3]
[footprint_link_issues]: The current configuration does not include the footprint library 'Housings_DIP'
    ; warning
    @(15500 mils, 2700 mils): Symbol 1E_FR1 [7400-RESCUE-CDE-3]
[lib_symbol_issues]: The current configuration does not include the symbol library 'CDE-3-rescue'
    ; warning
    @(15500 mils, 2700 mils): Symbol 1E_FR1 [7400-RESCUE-CDE-3]
[footprint_link_issues]: The current configuration does not include the footprint library 'Housings_DIP'
    ; warning
    @(15500 mils, 3400 mils): Symbol 1E_FR1 [7400-RESCUE-CDE-3]
[lib_symbol_issues]: The current configuration does not include the symbol library 'CDE-3-rescue'
    ; warning
    @(15500 mils, 3400 mils): Symbol 1E_FR1 [7400-RESCUE-CDE-3]
[footprint_link_issues]: The current configuration does not include the footprint library 'Housings_DIP'
    ; warning
    @(15500 mils, 4100 mils): Symbol 1E_FR1 [7400-RESCUE-CDE-3]
[lib_symbol_issues]: The current configuration does not include the symbol library 'CDE-3-rescue'
    ; warning
    @(15500 mils, 4100 mils): Symbol 1E_FR1 [7400-RESCUE-CDE-3]
[footprint_link_issues]: The current configuration does not include the footprint library 'Housings_DIP'
    ; warning
    @(15500 mils, 9750 mils): Symbol 1E_FR2 [7400-RESCUE-CDE-3]
[lib_symbol_issues]: The current configuration does not include the symbol library 'CDE-3-rescue'
    ; warning
    @(15500 mils, 9750 mils): Symbol 1E_FR2 [7400-RESCUE-CDE-3]
[footprint_link_issues]: The current configuration does not include the footprint library 'Housings_DIP'
    ; warning
    @(15500 mils, 10450 mils): Symbol 1E_FR2 [7400-RESCUE-CDE-3]
[lib_symbol_issues]: The current configuration does not include the symbol library 'CDE-3-rescue'
    ; warning
    @(15500 mils, 10450 mils): Symbol 1E_FR2 [7400-RESCUE-CDE-3]
[footprint_link_issues]: The current configuration does not include the footprint library 'Housings_DIP'
    ; warning
    @(15500 mils, 11150 mils): Symbol 1E_FR2 [7400-RESCUE-CDE-3]
[lib_symbol_issues]: The current configuration does not include the symbol library 'CDE-3-rescue'
    ; warning
    @(15500 mils, 11150 mils): Symbol 1E_FR2 [7400-RESCUE-CDE-3]
[footprint_link_issues]: The current configuration does not include the footprint library 'Housings_DIP'
    ; warning
    @(15500 mils, 11850 mils): Symbol 1E_FR2 [7400-RESCUE-CDE-3]
[lib_symbol_issues]: The current configuration does not include the symbol library 'CDE-3-rescue'
    ; warning
    @(15500 mils, 11850 mils): Symbol 1E_FR2 [7400-RESCUE-CDE-3]
[lib_symbol_issues]: The current configuration does not include the symbol library 'CCE-2-rescue'
    ; warning
    @(18500 mils, 3500 mils): Symbol 3F_FR1 [74HC74]
[lib_symbol_issues]: The current configuration does not include the symbol library 'CCE-2-rescue'
    ; warning
    @(18500 mils, 4700 mils): Symbol 3F_FR1 [74HC74]
[lib_symbol_issues]: The current configuration does not include the symbol library 'CCE-2-rescue'
    ; warning
    @(18500 mils, 5900 mils): Symbol 3E_FR1 [74HC74]
[lib_symbol_issues]: The current configuration does not include the symbol library 'CCE-2-rescue'
    ; warning
    @(18500 mils, 7100 mils): Symbol 3E_FR1 [74HC74]
[lib_symbol_issues]: The current configuration does not include the symbol library 'CCE-2-rescue'
    ; warning
    @(18500 mils, 9450 mils): Symbol 3F_FR2 [74HC74]
[lib_symbol_issues]: The current configuration does not include the symbol library 'CCE-2-rescue'
    ; warning
    @(18500 mils, 10650 mils): Symbol 3F_FR2 [74HC74]
[lib_symbol_issues]: The current configuration does not include the symbol library 'CCE-2-rescue'
    ; warning
    @(18500 mils, 11850 mils): Symbol 3E_FR2 [74HC74]
[lib_symbol_issues]: The current configuration does not include the symbol library 'CCE-2-rescue'
    ; warning
    @(18500 mils, 13050 mils): Symbol 3E_FR2 [74HC74]
[lib_symbol_issues]: The current configuration does not include the symbol library 'CCE-2-rescue'
    ; warning
    @(21600 mils, 3100 mils): Symbol 5F_FR1 [74HC74]
[lib_symbol_issues]: The current configuration does not include the symbol library 'CCE-2-rescue'
    ; warning
    @(21600 mils, 4400 mils): Symbol 5F_FR1 [74HC74]
[lib_symbol_issues]: The current configuration does not include the symbol library 'CCE-2-rescue'
    ; warning
    @(21600 mils, 5850 mils): Symbol 5E_FR1 [74HC74]
[lib_symbol_issues]: The current configuration does not include the symbol library 'CCE-2-rescue'
    ; warning
    @(21600 mils, 7150 mils): Symbol 5E_FR1 [74HC74]
[lib_symbol_issues]: The current configuration does not include the symbol library 'CCE-2-rescue'
    ; warning
    @(21600 mils, 9050 mils): Symbol 5F_FR2 [74HC74]
[lib_symbol_issues]: The current configuration does not include the symbol library 'CCE-2-rescue'
    ; warning
    @(21600 mils, 10350 mils): Symbol 5F_FR2 [74HC74]
[lib_symbol_issues]: The current configuration does not include the symbol library 'CCE-2-rescue'
    ; warning
    @(21600 mils, 11800 mils): Symbol 5E_FR2 [74HC74]
[lib_symbol_issues]: The current configuration does not include the symbol library 'CCE-2-rescue'
    ; warning
    @(21600 mils, 13100 mils): Symbol 5E_FR2 [74HC74]
[lib_symbol_issues]: The current configuration does not include the symbol library 'FS1-3-rescue'
    ; warning
    @(7200 mils, 3950 mils): Symbol CONECTOR_P2_FS1 [CONN_35X2-conn_35x2]
[lib_symbol_issues]: The current configuration does not include the symbol library 'FS1-3-rescue'
    ; warning
    @(7200 mils, 14900 mils): Symbol CONECTOR_P2_FS2 [CONN_35X2-conn_35x2]
[lib_symbol_issues]: Symbol '74LS54' not found in symbol library '74xx'
    ; warning
    @(13950 mils, 3400 mils): Symbol 1B_FS1 [74LS54]
[lib_symbol_issues]: Symbol '74LS54' not found in symbol library '74xx'
    ; warning
    @(13950 mils, 5800 mils): Symbol 3B_FS1 [74LS54]
[lib_symbol_issues]: Symbol '74LS54' not found in symbol library '74xx'
    ; warning
    @(13950 mils, 7800 mils): Symbol 5A_FS1 [74LS54]
[lib_symbol_issues]: Symbol '74LS54' not found in symbol library '74xx'
    ; warning
    @(13950 mils, 10250 mils): Symbol 5B_FS1 [74LS54]
[lib_symbol_issues]: Symbol '74LS54' not found in symbol library '74xx'
    ; warning
    @(13950 mils, 14350 mils): Symbol 1B_FS2 [74LS54]
[lib_symbol_issues]: Symbol '74LS54' not found in symbol library '74xx'
    ; warning
    @(13950 mils, 16750 mils): Symbol 3B_FS2 [74LS54]
[lib_symbol_issues]: Symbol '74LS54' not found in symbol library '74xx'
    ; warning
    @(13950 mils, 18750 mils): Symbol 5A_FS2 [74LS54]
[lib_symbol_issues]: Symbol '74LS54' not found in symbol library '74xx'
    ; warning
    @(13950 mils, 21200 mils): Symbol 5B_FS2 [74LS54]
[unconnected_wire_endpoint]: Unconnected wire endpoint
    ; warning
    @(26000 mils, 8600 mils): Vertical Wire, length 100 mils
[isolated_pin_label]: Label connected to only one pin
    ; warning
    @(26000 mils, 10700 mils): Global Label 'C4'
[unconnected_wire_endpoint]: Unconnected wire endpoint
    ; warning
    @(26000 mils, 19550 mils): Vertical Wire, length 100 mils
[isolated_pin_label]: Label connected to only one pin
    ; warning
    @(26000 mils, 21650 mils): Global Label 'C0'
[lib_symbol_issues]: Symbol '74LS54' not found in symbol library '74xx'
    ; warning
    @(34050 mils, 9550 mils): Symbol 1B_FS1 [74LS54]
[lib_symbol_issues]: Symbol '74LS54' not found in symbol library '74xx'
    ; warning
    @(34500 mils, 9550 mils): Symbol 3B_FS1 [74LS54]
[lib_symbol_issues]: Symbol '74LS54' not found in symbol library '74xx'
    ; warning
    @(34950 mils, 9550 mils): Symbol 5A_FS1 [74LS54]
[lib_symbol_issues]: Symbol '74LS54' not found in symbol library '74xx'
    ; warning
    @(35400 mils, 9550 mils): Symbol 5B_FS1 [74LS54]
[lib_symbol_issues]: Symbol '74LS54' not found in symbol library '74xx'
    ; warning
    @(35850 mils, 9550 mils): Symbol 1B_FS2 [74LS54]
[lib_symbol_issues]: Symbol '74LS54' not found in symbol library '74xx'
    ; warning
    @(36300 mils, 9550 mils): Symbol 3B_FS2 [74LS54]
[lib_symbol_issues]: Symbol '74LS54' not found in symbol library '74xx'
    ; warning
    @(36750 mils, 9550 mils): Symbol 5A_FS2 [74LS54]
[lib_symbol_issues]: Symbol '74LS54' not found in symbol library '74xx'
    ; warning
    @(37200 mils, 9550 mils): Symbol 5B_FS2 [74LS54]
[lib_symbol_issues]: The current configuration does not include the symbol library 'FAC-5-rescue'
    ; warning
    @(3700 mils, 4450 mils): Symbol CONECTOR_P3 [CONN_35X2-conn_35x2]
[lib_symbol_issues]: The current configuration does not include the symbol library 'CT1-4-rescue'
    ; warning
    @(7700 mils, 8150 mils): Symbol 1B_P3 [7460]
[lib_symbol_issues]: The current configuration does not include the symbol library 'CT1-4-rescue'
    ; warning
    @(7700 mils, 8850 mils): Symbol 1B_P3 [7460]
[endpoint_off_grid]: Symbol pin or wire end off connection grid
    ; warning
    @(8200 mils, 10070 mils): Symbol 1C_P3 Hidden pin 14 [VCC, Power input, Line]
[lib_symbol_issues]: The current configuration does not include the symbol library 'CT1-4-rescue'
    ; warning
    @(8300 mils, 9700 mils): Symbol 1C_P3 [7453]
[unconnected_wire_endpoint]: Unconnected wire endpoint
    ; warning
    @(8950 mils, 6700 mils): Horizontal Wire, length 100 mils
[lib_symbol_mismatch]: Symbol '74LS74' doesn't match copy in library '74xx'
    ; warning
    @(9500 mils, 9800 mils): Symbol 1A_P3 [74LS74]
[lib_symbol_issues]: Symbol '74LS54' not found in symbol library '74xx'
    ; warning
    @(10100 mils, 8500 mils): Symbol 2C_P3 [74LS54]
[lib_symbol_mismatch]: Symbol '74LS74' doesn't match copy in library '74xx'
    ; warning
    @(10500 mils, 9800 mils): Symbol 2A_P3 [74LS74]
[lib_symbol_issues]: Symbol '74LS54' not found in symbol library '74xx'
    ; warning
    @(11100 mils, 8500 mils): Symbol 2B_P3 [74LS54]
[lib_symbol_mismatch]: Symbol '74LS74' doesn't match copy in library '74xx'
    ; warning
    @(11500 mils, 9800 mils): Symbol 2A_P3 [74LS74]
[lib_symbol_issues]: Symbol '74LS54' not found in symbol library '74xx'
    ; warning
    @(12100 mils, 8500 mils): Symbol 3C_P3 [74LS54]
[lib_symbol_mismatch]: Symbol '74LS74' doesn't match copy in library '74xx'
    ; warning
    @(12500 mils, 9800 mils): Symbol 3A_P3 [74LS74]
[lib_symbol_issues]: Symbol '74LS54' not found in symbol library '74xx'
    ; warning
    @(12750 mils, 6300 mils): Symbol 1D_P3 [74LS54]
[lib_symbol_issues]: Symbol '74LS54' not found in symbol library '74xx'
    ; warning
    @(13100 mils, 8500 mils): Symbol 3B_P3 [74LS54]
[lib_symbol_mismatch]: Symbol '74LS74' doesn't match copy in library '74xx'
    ; warning
    @(13500 mils, 9800 mils): Symbol 3A_P3 [74LS74]
[lib_symbol_mismatch]: Symbol '74LS74' doesn't match copy in library '74xx'
    ; warning
    @(13850 mils, 6350 mils): Symbol 1A_P3 [74LS74]
[lib_symbol_issues]: Symbol '74LS54' not found in symbol library '74xx'
    ; warning
    @(14100 mils, 8500 mils): Symbol 4C_P3 [74LS54]
[lib_symbol_mismatch]: Symbol '74LS74' doesn't match copy in library '74xx'
    ; warning
    @(14500 mils, 9800 mils): Symbol 4A_P3 [74LS74]
[lib_symbol_issues]: Symbol '74LS54' not found in symbol library '74xx'
    ; warning
    @(15100 mils, 8500 mils): Symbol 4B_P3 [74LS54]
[lib_symbol_mismatch]: Symbol '74LS74' doesn't match copy in library '74xx'
    ; warning
    @(15500 mils, 9800 mils): Symbol 4A_P3 [74LS74]
[lib_symbol_mismatch]: Symbol '74LS74' doesn't match copy in library '74xx'
    ; warning
    @(16350 mils, 6350 mils): Symbol 5A_P3 [74LS74]
[lib_symbol_mismatch]: Symbol '74LS74' doesn't match copy in library '74xx'
    ; warning
    @(16600 mils, 9800 mils): Symbol 5A_P3 [74LS74]
[isolated_pin_label]: Label connected to only one pin
    ; warning
    @(16800 mils, 6250 mils): Global Label '-OVF'
[lib_symbol_issues]: The current configuration does not include the symbol library 'CT1-4-rescue'
    ; warning
    @(17750 mils, 9000 mils): Symbol 5B_P3 [7453]
[endpoint_off_grid]: Symbol pin or wire end off connection grid
    ; warning
    @(17850 mils, 8630 mils): Symbol 5B_P3 Hidden pin 14 [VCC, Power input, Line]
[lib_symbol_issues]: The current configuration does not include the symbol library 'CT1-4-rescue'
    ; warning
    @(18350 mils, 9850 mils): Symbol 5C_P3 [7460]
[lib_symbol_issues]: The current configuration does not include the symbol library 'CT1-4-rescue'
    ; warning
    @(18350 mils, 10550 mils): Symbol 5C_P3 [7460]
[lib_symbol_mismatch]: Symbol '74LS74' doesn't match copy in library '74xx'
    ; warning
    @(24650 mils, 4450 mils): Symbol 1A_P3 [74LS74]
[lib_symbol_issues]: Symbol '74LS54' not found in symbol library '74xx'
    ; warning
    @(24650 mils, 6300 mils): Symbol 2C_P3 [74LS54]
[lib_symbol_mismatch]: Symbol '74LS74' doesn't match copy in library '74xx'
    ; warning
    @(25100 mils, 4450 mils): Symbol 2A_P3 [74LS74]
[lib_symbol_issues]: Symbol '74LS54' not found in symbol library '74xx'
    ; warning
    @(25100 mils, 6300 mils): Symbol 2B_P3 [74LS54]
[lib_symbol_mismatch]: Symbol '74LS74' doesn't match copy in library '74xx'
    ; warning
    @(25550 mils, 4450 mils): Symbol 3A_P3 [74LS74]
[lib_symbol_issues]: Symbol '74LS54' not found in symbol library '74xx'
    ; warning
    @(25550 mils, 6300 mils): Symbol 3C_P3 [74LS54]
[lib_symbol_mismatch]: Symbol '74LS74' doesn't match copy in library '74xx'
    ; warning
    @(26000 mils, 4450 mils): Symbol 4A_P3 [74LS74]
[lib_symbol_issues]: Symbol '74LS54' not found in symbol library '74xx'
    ; warning
    @(26000 mils, 6300 mils): Symbol 1D_P3 [74LS54]
[lib_symbol_mismatch]: Symbol '74LS74' doesn't match copy in library '74xx'
    ; warning
    @(26450 mils, 4450 mils): Symbol 5A_P3 [74LS74]
[lib_symbol_issues]: Symbol '74LS54' not found in symbol library '74xx'
    ; warning
    @(26450 mils, 6300 mils): Symbol 3B_P3 [74LS54]
[lib_symbol_issues]: Symbol '74LS54' not found in symbol library '74xx'
    ; warning
    @(26900 mils, 6300 mils): Symbol 4C_P3 [74LS54]
[lib_symbol_issues]: Symbol '74LS54' not found in symbol library '74xx'
    ; warning
    @(27350 mils, 6300 mils): Symbol 4B_P3 [74LS54]
[lib_symbol_issues]: The current configuration does not include the symbol library 'FM1-6-rescue'
    ; warning
    @(3500 mils, 4150 mils): Symbol #FLG04 [PWR_FLAG-power]
[lib_symbol_issues]: The current configuration does not include the symbol library 'FM1-6-rescue'
    ; warning
    @(4000 mils, 5950 mils): Symbol CONECTOR_P4 [CONN_35X2]
[lib_symbol_issues]: The current configuration does not include the symbol library 'FM1-6-rescue'
    ; warning
    @(5800 mils, 7550 mils): Symbol #FLG02 [PWR_FLAG-power]
[endpoint_off_grid]: Symbol pin or wire end off connection grid
    ; warning
    @(9500 mils, 4230 mils): Symbol 1A_P4 Hidden pin 14 [VCC, Power input, Line]
[endpoint_off_grid]: Symbol pin or wire end off connection grid
    ; warning
    @(9500 mils, 5830 mils): Symbol 1B_P4 Hidden pin 14 [VCC, Power input, Line]
[endpoint_off_grid]: Symbol pin or wire end off connection grid
    ; warning
    @(9500 mils, 8170 mils): Symbol 1C_P4 Hidden pin 7 [GND, Power input, Line]
[endpoint_off_grid]: Symbol pin or wire end off connection grid
    ; warning
    @(9500 mils, 8930 mils): Symbol 1D_P4 Hidden pin 14 [VCC, Power input, Line]
[lib_symbol_issues]: The current configuration does not include the symbol library 'FM1-6-rescue'
    ; warning
    @(9600 mils, 4600 mils): Symbol 1A_P4 [74LS54]
[lib_symbol_issues]: The current configuration does not include the symbol library 'FM1-6-rescue'
    ; warning
    @(9600 mils, 6200 mils): Symbol 1B_P4 [74LS54]
[lib_symbol_issues]: The current configuration does not include the symbol library 'FM1-6-rescue'
    ; warning
    @(9600 mils, 7800 mils): Symbol 1C_P4 [74LS54]
[lib_symbol_issues]: The current configuration does not include the symbol library 'FM1-6-rescue'
    ; warning
    @(9600 mils, 9300 mils): Symbol 1D_P4 [74LS54]
[lib_symbol_issues]: The current configuration does not include the symbol library 'FM1-6-rescue'
    ; warning
    @(10650 mils, 13200 mils): Symbol 3D_P4 [7400]
[lib_symbol_issues]: The current configuration does not include the symbol library 'FM1-6-rescue'
    ; warning
    @(10800 mils, 4600 mils): Symbol 3B_P4 [74HC04]
[lib_symbol_issues]: The current configuration does not include the symbol library 'FM1-6-rescue'
    ; warning
    @(10800 mils, 6200 mils): Symbol 3B_P4 [74HC04]
[lib_symbol_issues]: The current configuration does not include the symbol library 'FM1-6-rescue'
    ; warning
    @(10800 mils, 7800 mils): Symbol 3B_P4 [74HC04]
[lib_symbol_issues]: The current configuration does not include the symbol library 'FM1-6-rescue'
    ; warning
    @(10800 mils, 9300 mils): Symbol 3B_P4 [74HC04]
[lib_symbol_issues]: The current configuration does not include the symbol library 'FM1-6-rescue'
    ; warning
    @(12150 mils, 12900 mils): Symbol 3D_P4 [7400]
[lib_symbol_issues]: The current configuration does not include the symbol library 'FM1-6-rescue'
    ; warning
    @(12150 mils, 13450 mils): Symbol 3D_P4 [7400]
[lib_symbol_issues]: The current configuration does not include the symbol library 'FM1-6-rescue'
    ; warning
    @(12450 mils, 7700 mils): Symbol #PWR01 [GND]
[lib_symbol_issues]: The current configuration does not include the symbol library 'FM1-6-rescue'
    ; warning
    @(13450 mils, 7250 mils): Symbol 3A_P4 [74LS83]
[lib_symbol_issues]: The current configuration does not include the symbol library 'FM1-6-rescue'
    ; warning
    @(13550 mils, 13200 mils): Symbol 3D_P4 [7400]
[lib_symbol_issues]: The current configuration does not include the symbol library 'FM1-6-rescue'
    ; warning
    @(17400 mils, 4650 mils): Symbol 3B_P4 [74HC04]
[lib_symbol_issues]: The current configuration does not include the symbol library 'FM1-6-rescue'
    ; warning
    @(17400 mils, 5250 mils): Symbol 3B_P4 [74HC04]
[lib_symbol_issues]: The current configuration does not include the symbol library 'FM1-6-rescue'
    ; warning
    @(17400 mils, 5850 mils): Symbol 3C_P4 [74HC04]
[lib_symbol_issues]: The current configuration does not include the symbol library 'FM1-6-rescue'
    ; warning
    @(17400 mils, 6450 mils): Symbol 3C_P4 [74HC04]
[lib_symbol_issues]: The current configuration does not include the symbol library 'FM1-6-rescue'
    ; warning
    @(17400 mils, 7000 mils): Symbol 3C_P4 [74HC04]
[lib_symbol_issues]: The current configuration does not include the symbol library 'FM1-6-rescue'
    ; warning
    @(17400 mils, 7600 mils): Symbol 3C_P4 [74HC04]
[lib_symbol_issues]: The current configuration does not include the symbol library 'FM1-6-rescue'
    ; warning
    @(17400 mils, 8200 mils): Symbol 3C_P4 [74HC04]
[lib_symbol_issues]: The current configuration does not include the symbol library 'FM1-6-rescue'
    ; warning
    @(17400 mils, 8800 mils): Symbol 3C_P4 [74HC04]
[endpoint_off_grid]: Symbol pin or wire end off connection grid
    ; warning
    @(19300 mils, 4970 mils): Symbol 5A_P4 Hidden pin 14 [VCC, Power input, Line]
[endpoint_off_grid]: Symbol pin or wire end off connection grid
    ; warning
    @(19300 mils, 5570 mils): Symbol 5A_P4 Hidden pin 14 [VCC, Power input, Line]
[endpoint_off_grid]: Symbol pin or wire end off connection grid
    ; warning
    @(19300 mils, 6170 mils): Symbol 5B_P4 Hidden pin 14 [VCC, Power input, Line]
[endpoint_off_grid]: Symbol pin or wire end off connection grid
    ; warning
    @(19300 mils, 6770 mils): Symbol 5B_P4 Hidden pin 14 [VCC, Power input, Line]
[endpoint_off_grid]: Symbol pin or wire end off connection grid
    ; warning
    @(19300 mils, 7320 mils): Symbol 5C_P4 Hidden pin 14 [VCC, Power input, Line]
[endpoint_off_grid]: Symbol pin or wire end off connection grid
    ; warning
    @(19300 mils, 7920 mils): Symbol 5C_P4 Hidden pin 14 [VCC, Power input, Line]
[endpoint_off_grid]: Symbol pin or wire end off connection grid
    ; warning
    @(19300 mils, 8520 mils): Symbol 5D_P4 Hidden pin 14 [VCC, Power input, Line]
[endpoint_off_grid]: Symbol pin or wire end off connection grid
    ; warning
    @(19300 mils, 9120 mils): Symbol 5D_P4 Hidden pin 14 [VCC, Power input, Line]
[lib_symbol_issues]: The current configuration does not include the symbol library 'FM1-6-rescue'
    ; warning
    @(19400 mils, 4800 mils): Symbol 5A_P4 [7451]
[lib_symbol_issues]: The current configuration does not include the symbol library 'FM1-6-rescue'
    ; warning
    @(19400 mils, 5400 mils): Symbol 5A_P4 [7451]
[lib_symbol_issues]: The current configuration does not include the symbol library 'FM1-6-rescue'
    ; warning
    @(19400 mils, 6000 mils): Symbol 5B_P4 [7451]
[lib_symbol_issues]: The current configuration does not include the symbol library 'FM1-6-rescue'
    ; warning
    @(19400 mils, 6600 mils): Symbol 5B_P4 [7451]
[lib_symbol_issues]: The current configuration does not include the symbol library 'FM1-6-rescue'
    ; warning
    @(19400 mils, 7150 mils): Symbol 5C_P4 [7451]
[lib_symbol_issues]: The current configuration does not include the symbol library 'FM1-6-rescue'
    ; warning
    @(19400 mils, 7750 mils): Symbol 5C_P4 [7451]
[lib_symbol_issues]: The current configuration does not include the symbol library 'FM1-6-rescue'
    ; warning
    @(19400 mils, 8350 mils): Symbol 5D_P4 [7451]
[lib_symbol_issues]: The current configuration does not include the symbol library 'FM1-6-rescue'
    ; warning
    @(19400 mils, 8950 mils): Symbol 5D_P4 [7451]
[lib_symbol_issues]: The current configuration does not include the symbol library 'FCM-7-rescue'
    ; warning
    @(3450 mils, 8850 mils): Symbol 3B_P5 [74LS04]
[lib_symbol_issues]: The current configuration does not include the symbol library 'FCM-7-rescue'
    ; warning
    @(3450 mils, 9400 mils): Symbol 3B_P5 [74LS04]
[lib_symbol_issues]: The current configuration does not include the symbol library 'FCM-7-rescue'
    ; warning
    @(3450 mils, 9950 mils): Symbol 3A_P5 [74LS04]
[lib_symbol_issues]: The current configuration does not include the symbol library 'FCM-7-rescue'
    ; warning
    @(3450 mils, 10500 mils): Symbol 3A_P5 [74LS04]
[lib_symbol_issues]: The current configuration does not include the symbol library 'FCM-7-rescue'
    ; warning
    @(3450 mils, 11050 mils): Symbol 3A_P5 [74LS04]
[lib_symbol_issues]: The current configuration does not include the symbol library 'FCM-7-rescue'
    ; warning
    @(3450 mils, 11600 mils): Symbol 3A_P5 [74LS04]
[lib_symbol_issues]: The current configuration does not include the symbol library 'FCM-7-rescue'
    ; warning
    @(3450 mils, 12150 mils): Symbol 3A_P5 [74LS04]
[lib_symbol_issues]: The current configuration does not include the symbol library 'FCM-7-rescue'
    ; warning
    @(3450 mils, 12700 mils): Symbol 3A_P5 [74LS04]
[lib_symbol_issues]: The current configuration does not include the symbol library 'FCM-7-rescue'
    ; warning
    @(3600 mils, 4800 mils): Symbol CONECTOR_P5 [CONN_35X2]
[lib_symbol_issues]: The current configuration does not include the symbol library 'FCM-7-rescue'
    ; warning
    @(9850 mils, 11900 mils): Symbol 3B_P5 [74LS04]
[lib_symbol_issues]: The current configuration does not include the symbol library 'FCM-7-rescue'
    ; warning
    @(9900 mils, 3200 mils): Symbol 5B_P5 [7400]
[lib_symbol_issues]: The current configuration does not include the symbol library 'FCM-7-rescue'
    ; warning
    @(9900 mils, 4000 mils): Symbol 5B_P5 [7400]
[lib_symbol_issues]: The current configuration does not include the symbol library 'FCM-7-rescue'
    ; warning
    @(9900 mils, 4800 mils): Symbol 5B_P5 [7400]
[lib_symbol_issues]: The current configuration does not include the symbol library 'FCM-7-rescue'
    ; warning
    @(9900 mils, 5550 mils): Symbol 5B_P5 [7400]
[lib_symbol_issues]: The current configuration does not include the symbol library 'FCM-7-rescue'
    ; warning
    @(9900 mils, 6350 mils): Symbol 5C_P5 [74LS08]
[lib_symbol_issues]: The current configuration does not include the symbol library 'FCM-7-rescue'
    ; warning
    @(9900 mils, 7050 mils): Symbol 4B_P5 [74LS04]
[lib_symbol_issues]: The current configuration does not include the symbol library 'FCM-7-rescue'
    ; warning
    @(9900 mils, 7600 mils): Symbol 4B_P5 [74LS04]
[lib_symbol_issues]: The current configuration does not include the symbol library 'FCM-7-rescue'
    ; warning
    @(9900 mils, 10350 mils): Symbol 3B_P5 [74LS04]
[lib_symbol_issues]: The current configuration does not include the symbol library 'FCM-7-rescue'
    ; warning
    @(9900 mils, 11150 mils): Symbol 3B_P5 [74LS04]
[lib_symbol_issues]: The current configuration does not include the symbol library 'FCM-7-rescue'
    ; warning
    @(9900 mils, 12700 mils): Symbol 4B_P5 [74LS04]
[lib_symbol_issues]: The current configuration does not include the symbol library 'FCM-7-rescue'
    ; warning
    @(9900 mils, 13400 mils): Symbol 4B_P5 [74LS04]
[lib_symbol_issues]: The current configuration does not include the symbol library 'FCM-7-rescue'
    ; warning
    @(9900 mils, 14150 mils): Symbol 4B_P5 [74LS04]
[lib_symbol_issues]: The current configuration does not include the symbol library 'FCM-7-rescue'
    ; warning
    @(11500 mils, 11150 mils): Symbol 4C_P5 [74LS11]
[lib_symbol_issues]: The current configuration does not include the symbol library 'FCM-7-rescue'
    ; warning
    @(11550 mils, 4650 mils): Symbol 5A_P5 [74LS11]
[lib_symbol_issues]: The current configuration does not include the symbol library 'FCM-7-rescue'
    ; warning
    @(11600 mils, 6900 mils): Symbol 5A_P5 [74LS11]
[lib_symbol_issues]: The current configuration does not include the symbol library 'FCM-7-rescue'
    ; warning
    @(11600 mils, 13250 mils): Symbol 4C_P5 [74LS11]
[unconnected_wire_endpoint]: Unconnected wire endpoint
    ; warning
    @(12650 mils, 7100 mils): Vertical Wire, length 150 mils
[lib_symbol_issues]: The current configuration does not include the symbol library 'FCM-7-rescue'
    ; warning
    @(13050 mils, 6200 mils): Symbol 5A_P5 [74LS11]
[lib_symbol_issues]: The current configuration does not include the symbol library 'FCM-7-rescue'
    ; warning
    @(13250 mils, 11150 mils): Symbol 4C_P5 [74LS11]
[unconnected_wire_endpoint]: Unconnected wire endpoint
    ; warning
    @(14350 mils, 6400 mils): Vertical Wire, length 150 mils
[lib_symbol_issues]: The current configuration does not include the symbol library 'FCM-7-rescue'
    ; warning
    @(18350 mils, 1600 mils): Symbol R3_P5 [R]
[lib_symbol_issues]: The current configuration does not include the symbol library 'FCM-7-rescue'
    ; warning
    @(18350 mils, 3150 mils): Symbol R4_P5 [R]
[lib_symbol_issues]: The current configuration does not include the symbol library 'FCM-7-rescue'
    ; warning
    @(18350 mils, 4800 mils): Symbol R5_P5 [R]
[lib_symbol_issues]: The current configuration does not include the symbol library 'FCM-7-rescue'
    ; warning
    @(18350 mils, 6350 mils): Symbol R6_P5 [R]
[lib_symbol_issues]: The current configuration does not include the symbol library 'FCM-7-rescue'
    ; warning
    @(18350 mils, 8250 mils): Symbol R11_P5 [R]
[lib_symbol_issues]: The current configuration does not include the symbol library 'FCM-7-rescue'
    ; warning
    @(18350 mils, 9800 mils): Symbol R10_P5 [R]
[lib_symbol_issues]: The current configuration does not include the symbol library 'FCM-7-rescue'
    ; warning
    @(18350 mils, 11450 mils): Symbol R9_P5 [R]
[lib_symbol_issues]: The current configuration does not include the symbol library 'FCM-7-rescue'
    ; warning
    @(18350 mils, 13000 mils): Symbol R8_P5 [R]
[lib_symbol_issues]: The current configuration does not include the symbol library 'FCM-7-rescue'
    ; warning
    @(24500 mils, 950 mils): Symbol 4B_P5 [74LS04]
[lib_symbol_issues]: The current configuration does not include the symbol library 'FCM-7-rescue'
    ; warning
    @(24550 mils, 1800 mils): Symbol 3B_P5 [74LS04]
[lib_symbol_issues]: The current configuration does not include the symbol library 'FIN-8-rescue'
    ; warning
    @(2500 mils, 6300 mils): Symbol 5F_P6 [74LS04]
[lib_symbol_issues]: The current configuration does not include the symbol library 'FIN-8-rescue'
    ; warning
    @(2500 mils, 7000 mils): Symbol 5E_P6 [74LS04]
[lib_symbol_issues]: The current configuration does not include the symbol library 'FIN-8-rescue'
    ; warning
    @(2500 mils, 7700 mils): Symbol 5F_P6 [74LS04]
[lib_symbol_issues]: The current configuration does not include the symbol library 'FIN-8-rescue'
    ; warning
    @(2500 mils, 8400 mils): Symbol 5E_P6 [74LS04]
[lib_symbol_issues]: The current configuration does not include the symbol library 'FIN-8-rescue'
    ; warning
    @(2900 mils, 3150 mils): Symbol CONECTOR_P6 [CONN_35X2]
[lib_symbol_issues]: The current configuration does not include the symbol library 'FIN-8-rescue'
    ; warning
    @(3200 mils, 10600 mils): Symbol 1E_P6 [74LS13]
[lib_symbol_issues]: The current configuration does not include the symbol library 'FIN-8-rescue'
    ; warning
    @(3200 mils, 11150 mils): Symbol 1E_P6 [74LS13]
[lib_symbol_issues]: The current configuration does not include the symbol library 'FIN-8-rescue'
    ; warning
    @(3200 mils, 11700 mils): Symbol 2E_P6 [74LS13]
[lib_symbol_issues]: The current configuration does not include the symbol library 'FIN-8-rescue'
    ; warning
    @(3200 mils, 12250 mils): Symbol 2E_P6 [74LS13]
[lib_symbol_issues]: The current configuration does not include the symbol library 'FIN-8-rescue'
    ; warning
    @(3200 mils, 12800 mils): Symbol 3E_P6 [74LS13]
[lib_symbol_issues]: The current configuration does not include the symbol library 'FIN-8-rescue'
    ; warning
    @(3200 mils, 13350 mils): Symbol 3E_P6 [74LS13]
[lib_symbol_issues]: The current configuration does not include the symbol library 'FIN-8-rescue'
    ; warning
    @(3200 mils, 13900 mils): Symbol 4E_P6 [74LS13]
[lib_symbol_issues]: The current configuration does not include the symbol library 'FIN-8-rescue'
    ; warning
    @(3200 mils, 14450 mils): Symbol 4E_P6 [74LS13]
[lib_symbol_issues]: The current configuration does not include the symbol library 'FIN-8-rescue'
    ; warning
    @(3650 mils, 6300 mils): Symbol 5F_P6 [74LS04]
[lib_symbol_issues]: The current configuration does not include the symbol library 'FIN-8-rescue'
    ; warning
    @(3650 mils, 7000 mils): Symbol 5E_P6 [74LS04]
[lib_symbol_issues]: The current configuration does not include the symbol library 'FIN-8-rescue'
    ; warning
    @(3650 mils, 7700 mils): Symbol 5F_P6 [74LS04]
[lib_symbol_issues]: The current configuration does not include the symbol library 'FIN-8-rescue'
    ; warning
    @(3650 mils, 8400 mils): Symbol 5E_P6 [74LS04]
[lib_symbol_issues]: The current configuration does not include the symbol library 'FIN-8-rescue'
    ; warning
    @(6800 mils, 10600 mils): Symbol 1F_P6 [74LS13]
[lib_symbol_issues]: The current configuration does not include the symbol library 'FIN-8-rescue'
    ; warning
    @(6800 mils, 11150 mils): Symbol 1F_P6 [74LS13]
[lib_symbol_issues]: The current configuration does not include the symbol library 'FIN-8-rescue'
    ; warning
    @(6800 mils, 11700 mils): Symbol 2F_P6 [74LS13]
[lib_symbol_issues]: The current configuration does not include the symbol library 'FIN-8-rescue'
    ; warning
    @(6800 mils, 12250 mils): Symbol 2F_P6 [74LS13]
[lib_symbol_issues]: The current configuration does not include the symbol library 'FIN-8-rescue'
    ; warning
    @(6800 mils, 12800 mils): Symbol 3F_P6 [74LS13]
[lib_symbol_issues]: The current configuration does not include the symbol library 'FIN-8-rescue'
    ; warning
    @(6800 mils, 13350 mils): Symbol 3F_P6 [74LS13]
[lib_symbol_issues]: The current configuration does not include the symbol library 'FIN-8-rescue'
    ; warning
    @(6800 mils, 13900 mils): Symbol 4F_P6 [74LS13]
[lib_symbol_issues]: The current configuration does not include the symbol library 'FIN-8-rescue'
    ; warning
    @(6800 mils, 14450 mils): Symbol 4F_P6 [74LS13]
[lib_symbol_issues]: The current configuration does not include the symbol library 'FIN-8-rescue'
    ; warning
    @(10250 mils, 3100 mils): Symbol R1_P6 [R]
[lib_symbol_issues]: The current configuration does not include the symbol library 'FIN-8-rescue'
    ; warning
    @(10250 mils, 4950 mils): Symbol R2_P6 [R]
[lib_symbol_issues]: The current configuration does not include the symbol library 'FIN-8-rescue'
    ; warning
    @(10250 mils, 6800 mils): Symbol R3_P6 [R]
[lib_symbol_issues]: The current configuration does not include the symbol library 'FIN-8-rescue'
    ; warning
    @(10250 mils, 8650 mils): Symbol R4_P6 [R]
[lib_symbol_issues]: The current configuration does not include the symbol library 'FIN-8-rescue'
    ; warning
    @(10450 mils, 12900 mils): Symbol R5_P6 [R]
[lib_symbol_issues]: The current configuration does not include the symbol library 'FIN-8-rescue'
    ; warning
    @(11250 mils, 3600 mils): Symbol 3C_P6 [74LS13]
[lib_symbol_issues]: The current configuration does not include the symbol library 'FIN-8-rescue'
    ; warning
    @(11250 mils, 4150 mils): Symbol 3C_P6 [74LS13]
[lib_symbol_issues]: The current configuration does not include the symbol library 'FIN-8-rescue'
    ; warning
    @(11250 mils, 5450 mils): Symbol 3B_P6 [74LS13]
[lib_symbol_issues]: The current configuration does not include the symbol library 'FIN-8-rescue'
    ; warning
    @(11250 mils, 6000 mils): Symbol 3B_P6 [74LS13]
[lib_symbol_issues]: The current configuration does not include the symbol library 'FIN-8-rescue'
    ; warning
    @(11250 mils, 7300 mils): Symbol 3A_P6 [74LS13]
[lib_symbol_issues]: The current configuration does not include the symbol library 'FIN-8-rescue'
    ; warning
    @(11250 mils, 7850 mils): Symbol 3A_P6 [74LS13]
[lib_symbol_issues]: The current configuration does not include the symbol library 'FIN-8-rescue'
    ; warning
    @(11250 mils, 9150 mils): Symbol 3D_P6 [74LS13]
[lib_symbol_issues]: The current configuration does not include the symbol library 'FIN-8-rescue'
    ; warning
    @(11250 mils, 9700 mils): Symbol 3D_P6 [74LS13]
[lib_symbol_issues]: The current configuration does not include the symbol library 'FIN-8-rescue'
    ; warning
    @(11250 mils, 13400 mils): Symbol 5A_P6 [74LS13]
[lib_symbol_issues]: The current configuration does not include the symbol library 'FIN-8-rescue'
    ; warning
    @(11250 mils, 13950 mils): Symbol 5A_P6 [74LS13]
[lib_symbol_issues]: The current configuration does not include the symbol library 'FIN-8-rescue'
    ; warning
    @(14800 mils, 11300 mils): Symbol 1C_P6 [74LS02]
[lib_symbol_issues]: The current configuration does not include the symbol library 'FIN-8-rescue'
    ; warning
    @(14800 mils, 11800 mils): Symbol 1C_P6 [74LS02]
[lib_symbol_issues]: The current configuration does not include the symbol library 'FIN-8-rescue'
    ; warning
    @(14800 mils, 12300 mils): Symbol 1C_P6 [74LS02]
[lib_symbol_issues]: The current configuration does not include the symbol library 'FIN-8-rescue'
    ; warning
    @(16400 mils, 7400 mils): Symbol R6_P6 [R]
[lib_symbol_issues]: The current configuration does not include the symbol library 'FIN-8-rescue'
    ; warning
    @(17200 mils, 7900 mils): Symbol 5B_P6 [74LS13]
[lib_symbol_issues]: The current configuration does not include the symbol library 'FIN-8-rescue'
    ; warning
    @(17200 mils, 8450 mils): Symbol 5B_P6 [74LS13]
[lib_symbol_issues]: The current configuration does not include the symbol library 'FIN-8-rescue'
    ; warning
    @(17550 mils, 11800 mils): Symbol 1B_P6 [74LS10]
[lib_symbol_issues]: The current configuration does not include the symbol library 'FIN-8-rescue'
    ; warning
    @(18100 mils, 11050 mils): Symbol 1B_P6 [74LS10]
[lib_symbol_issues]: The current configuration does not include the symbol library 'FIN-8-rescue'
    ; warning
    @(19200 mils, 11800 mils): Symbol 1B_P6 [74LS10]
[lib_symbol_issues]: The current configuration does not include the symbol library 'FIN-8-rescue'
    ; warning
    @(19550 mils, 7400 mils): Symbol R7_P6 [R]
[lib_symbol_issues]: The current configuration does not include the symbol library 'FIN-8-rescue'
    ; warning
    @(20350 mils, 7900 mils): Symbol 5C_P6 [74LS13]
[lib_symbol_issues]: The current configuration does not include the symbol library 'FIN-8-rescue'
    ; warning
    @(20350 mils, 8450 mils): Symbol 5C_P6 [74LS13]
[lib_symbol_issues]: The current configuration does not include the symbol library 'FIN-8-rescue'
    ; warning
    @(20750 mils, 11050 mils): Symbol 1A_P6 [74LS04]
[lib_symbol_issues]: The current configuration does not include the symbol library 'FIN-8-rescue'
    ; warning
    @(20750 mils, 11800 mils): Symbol 1A_P6 [74LS04]
[lib_symbol_issues]: The current configuration does not include the symbol library 'PMR-1-rescue'
    ; warning
    @(3300 mils, 10900 mils): Symbol CONECTOR_F_P7 [CONN_35X2]
[lib_symbol_issues]: The current configuration does not include the symbol library 'PMR-1-rescue'
    ; warning
    @(3350 mils, 4700 mils): Symbol CONECTOR_T_P7 [CONN_35X2]
[lib_symbol_issues]: The current configuration does not include the symbol library 'PMR-1-rescue'
    ; warning
    @(8750 mils, 11100 mils): Symbol 1A_P7 [74HC04]
[lib_symbol_issues]: The current configuration does not include the symbol library 'PMR-1-rescue'
    ; warning
    @(8750 mils, 11650 mils): Symbol 1A_P7 [74HC04]
[lib_symbol_issues]: The current configuration does not include the symbol library 'PMR-1-rescue'
    ; warning
    @(8750 mils, 12200 mils): Symbol 1A_P7 [74HC04]
[lib_symbol_issues]: The current configuration does not include the symbol library 'PMR-1-rescue'
    ; warning
    @(8750 mils, 12750 mils): Symbol 1A_P7 [74HC04]
[lib_symbol_issues]: The current configuration does not include the symbol library 'PMR-1-rescue'
    ; warning
    @(8750 mils, 13300 mils): Symbol 1A_P7 [74HC04]
[lib_symbol_issues]: The current configuration does not include the symbol library 'PMR-1-rescue'
    ; warning
    @(8750 mils, 13850 mils): Symbol 1A_P7 [74HC04]
[lib_symbol_issues]: The current configuration does not include the symbol library 'PMR-1-rescue'
    ; warning
    @(8800 mils, 1600 mils): Symbol 1E_P7 [74HC04]
[lib_symbol_issues]: The current configuration does not include the symbol library 'PMR-1-rescue'
    ; warning
    @(8800 mils, 2150 mils): Symbol 1E_P7 [74HC04]
[lib_symbol_issues]: The current configuration does not include the symbol library 'PMR-1-rescue'
    ; warning
    @(8800 mils, 2700 mils): Symbol 1E_P7 [74HC04]
[lib_symbol_issues]: The current configuration does not include the symbol library 'PMR-1-rescue'
    ; warning
    @(8800 mils, 3250 mils): Symbol 1E_P7 [74HC04]
[lib_symbol_issues]: The current configuration does not include the symbol library 'PMR-1-rescue'
    ; warning
    @(8800 mils, 3800 mils): Symbol 1E_P7 [74HC04]
[lib_symbol_issues]: The current configuration does not include the symbol library 'PMR-1-rescue'
    ; warning
    @(8800 mils, 4350 mils): Symbol 1E_P7 [74HC04]
[lib_symbol_issues]: The current configuration does not include the symbol library 'PMR-1-rescue'
    ; warning
    @(8800 mils, 6350 mils): Symbol 1C_P7 [74HC04]
[lib_symbol_issues]: The current configuration does not include the symbol library 'PMR-1-rescue'
    ; warning
    @(8800 mils, 6900 mils): Symbol 1C_P7 [74HC04]
[lib_symbol_issues]: The current configuration does not include the symbol library 'PMR-1-rescue'
    ; warning
    @(8800 mils, 7450 mils): Symbol 1C_P7 [74HC04]
[lib_symbol_issues]: The current configuration does not include the symbol library 'PMR-1-rescue'
    ; warning
    @(8800 mils, 8000 mils): Symbol 1C_P7 [74HC04]
[lib_symbol_issues]: The current configuration does not include the symbol library 'PMR-1-rescue'
    ; warning
    @(8800 mils, 8550 mils): Symbol 1C_P7 [74HC04]
[lib_symbol_issues]: The current configuration does not include the symbol library 'PMR-1-rescue'
    ; warning
    @(8800 mils, 9100 mils): Symbol 1C_P7 [74HC04]
[lib_symbol_issues]: The current configuration does not include the symbol library 'PMR-1-rescue'
    ; warning
    @(14400 mils, 11100 mils): Symbol 3A_P7 [74HC04]
[lib_symbol_issues]: The current configuration does not include the symbol library 'PMR-1-rescue'
    ; warning
    @(14400 mils, 11650 mils): Symbol 3A_P7 [74HC04]
[lib_symbol_issues]: The current configuration does not include the symbol library 'PMR-1-rescue'
    ; warning
    @(14400 mils, 12200 mils): Symbol 3A_P7 [74HC04]
[lib_symbol_issues]: The current configuration does not include the symbol library 'PMR-1-rescue'
    ; warning
    @(14400 mils, 12750 mils): Symbol 3A_P7 [74HC04]
[lib_symbol_issues]: The current configuration does not include the symbol library 'PMR-1-rescue'
    ; warning
    @(14400 mils, 13300 mils): Symbol 3A_P7 [74HC04]
[lib_symbol_issues]: The current configuration does not include the symbol library 'PMR-1-rescue'
    ; warning
    @(14400 mils, 13850 mils): Symbol 3A_P7 [74HC04]
[lib_symbol_issues]: The current configuration does not include the symbol library 'PMR-1-rescue'
    ; warning
    @(14450 mils, 1600 mils): Symbol 3E_P7 [74HC04]
[lib_symbol_issues]: The current configuration does not include the symbol library 'PMR-1-rescue'
    ; warning
    @(14450 mils, 2150 mils): Symbol 3E_P7 [74HC04]
[lib_symbol_issues]: The current configuration does not include the symbol library 'PMR-1-rescue'
    ; warning
    @(14450 mils, 2700 mils): Symbol 3E_P7 [74HC04]
[lib_symbol_issues]: The current configuration does not include the symbol library 'PMR-1-rescue'
    ; warning
    @(14450 mils, 3250 mils): Symbol 3E_P7 [74HC04]
[lib_symbol_issues]: The current configuration does not include the symbol library 'PMR-1-rescue'
    ; warning
    @(14450 mils, 3800 mils): Symbol 3E_P7 [74HC04]
[lib_symbol_issues]: The current configuration does not include the symbol library 'PMR-1-rescue'
    ; warning
    @(14450 mils, 4350 mils): Symbol 3E_P7 [74HC04]
[lib_symbol_issues]: The current configuration does not include the symbol library 'PMR-1-rescue'
    ; warning
    @(14450 mils, 6350 mils): Symbol 3C_P7 [74HC04]
[lib_symbol_issues]: The current configuration does not include the symbol library 'PMR-1-rescue'
    ; warning
    @(14450 mils, 6900 mils): Symbol 3C_P7 [74HC04]
[lib_symbol_issues]: The current configuration does not include the symbol library 'PMR-1-rescue'
    ; warning
    @(14450 mils, 7450 mils): Symbol 3C_P7 [74HC04]
[lib_symbol_issues]: The current configuration does not include the symbol library 'PMR-1-rescue'
    ; warning
    @(14450 mils, 8000 mils): Symbol 3C_P7 [74HC04]
[lib_symbol_issues]: The current configuration does not include the symbol library 'PMR-1-rescue'
    ; warning
    @(14450 mils, 8550 mils): Symbol 3C_P7 [74HC04]
[lib_symbol_issues]: The current configuration does not include the symbol library 'PMR-1-rescue'
    ; warning
    @(14450 mils, 9100 mils): Symbol 3C_P7 [74HC04]
[lib_symbol_issues]: The current configuration does not include the symbol library 'PMR-1-rescue'
    ; warning
    @(19900 mils, 11100 mils): Symbol 5C_P7 [74HC04]
[lib_symbol_issues]: The current configuration does not include the symbol library 'PMR-1-rescue'
    ; warning
    @(19900 mils, 11650 mils): Symbol 5C_P7 [74HC04]
[lib_symbol_issues]: The current configuration does not include the symbol library 'PMR-1-rescue'
    ; warning
    @(19900 mils, 12200 mils): Symbol 5C_P7 [74HC04]
[lib_symbol_issues]: The current configuration does not include the symbol library 'PMR-1-rescue'
    ; warning
    @(19900 mils, 12750 mils): Symbol 5C_P7 [74HC04]
[lib_symbol_issues]: The current configuration does not include the symbol library 'PMR-1-rescue'
    ; warning
    @(19900 mils, 13300 mils): Symbol 5C_P7 [74HC04]
[lib_symbol_issues]: The current configuration does not include the symbol library 'PMR-1-rescue'
    ; warning
    @(19900 mils, 13850 mils): Symbol 5C_P7 [74HC04]
[lib_symbol_issues]: The current configuration does not include the symbol library 'PMR-1-rescue'
    ; warning
    @(19950 mils, 1600 mils): Symbol 5A_P7 [74HC04]
[lib_symbol_issues]: The current configuration does not include the symbol library 'PMR-1-rescue'
    ; warning
    @(19950 mils, 2150 mils): Symbol 5A_P7 [74HC04]
[lib_symbol_issues]: The current configuration does not include the symbol library 'PMR-1-rescue'
    ; warning
    @(19950 mils, 2700 mils): Symbol 5A_P7 [74HC04]
[lib_symbol_issues]: The current configuration does not include the symbol library 'PMR-1-rescue'
    ; warning
    @(19950 mils, 3250 mils): Symbol 5A_P7 [74HC04]
[lib_symbol_issues]: The current configuration does not include the symbol library 'PMR-1-rescue'
    ; warning
    @(19950 mils, 3800 mils): Symbol 5A_P7 [74HC04]
[lib_symbol_issues]: The current configuration does not include the symbol library 'PMR-1-rescue'
    ; warning
    @(19950 mils, 4350 mils): Symbol 5A_P7 [74HC04]
[lib_symbol_issues]: The current configuration does not include the symbol library 'PMR-1-rescue'
    ; warning
    @(19950 mils, 6350 mils): Symbol 5E_P7 [74HC04]
[lib_symbol_issues]: The current configuration does not include the symbol library 'PMR-1-rescue'
    ; warning
    @(19950 mils, 6900 mils): Symbol 5E_P7 [74HC04]
[lib_symbol_issues]: The current configuration does not include the symbol library 'PMR-1-rescue'
    ; warning
    @(19950 mils, 7450 mils): Symbol 5E_P7 [74HC04]
[lib_symbol_issues]: The current configuration does not include the symbol library 'PMR-1-rescue'
    ; warning
    @(19950 mils, 8000 mils): Symbol 5E_P7 [74HC04]
[lib_symbol_issues]: The current configuration does not include the symbol library 'PMR-1-rescue'
    ; warning
    @(19950 mils, 8550 mils): Symbol 5E_P7 [74HC04]
[lib_symbol_issues]: The current configuration does not include the symbol library 'PMR-1-rescue'
    ; warning
    @(19950 mils, 9100 mils): Symbol 5E_P7 [74HC04]
[lib_symbol_issues]: The current configuration does not include the symbol library 'PCP-2-rescue'
    ; warning
    @(3300 mils, 12400 mils): Symbol R1_P8 [R]
[lib_symbol_issues]: The current configuration does not include the symbol library 'PCP-2-rescue'
    ; warning
    @(3350 mils, 6900 mils): Symbol R2_P8 [R]
[lib_symbol_issues]: The current configuration does not include the symbol library 'PCP-2-rescue'
    ; warning
    @(3400 mils, 2100 mils): Symbol R3_P8 [R]
[lib_symbol_issues]: The current configuration does not include the symbol library 'PCP-2-rescue'
    ; warning
    @(3400 mils, 5300 mils): Symbol R4_P8 [R]
[lib_symbol_issues]: The current configuration does not include the symbol library 'PCP-2-rescue'
    ; warning
    @(3400 mils, 10800 mils): Symbol R5_P8 [R]
[lib_symbol_issues]: The current configuration does not include the symbol library 'PCP-2-rescue'
    ; warning
    @(3400 mils, 16250 mils): Symbol R6_P8 [R]
[lib_symbol_issues]: The current configuration does not include the symbol library 'PCP-2-rescue'
    ; warning
    @(4000 mils, 3050 mils): Symbol 5E_P8 [74LS08]
[lib_symbol_issues]: The current configuration does not include the symbol library 'PCP-2-rescue'
    ; warning
    @(4000 mils, 8450 mils): Symbol 5E_P8 [74LS08]
[lib_symbol_issues]: The current configuration does not include the symbol library 'PCP-2-rescue'
    ; warning
    @(4000 mils, 13800 mils): Symbol U1 [74LS08]
[lib_symbol_issues]: The current configuration does not include the symbol library 'PCP-2-rescue'
    ; warning
    @(6500 mils, 3450 mils): Symbol 4E_P8 [74LS10]
[lib_symbol_issues]: The current configuration does not include the symbol library 'PCP-2-rescue'
    ; warning
    @(6500 mils, 6200 mils): Symbol 4E_P8 [74LS10]
[lib_symbol_issues]: The current configuration does not include the symbol library 'PCP-2-rescue'
    ; warning
    @(6500 mils, 8850 mils): Symbol 5D_P8 [74LS10]
[lib_symbol_issues]: The current configuration does not include the symbol library 'PCP-2-rescue'
    ; warning
    @(6500 mils, 11550 mils): Symbol 5D_P8 [74LS10]
[lib_symbol_issues]: The current configuration does not include the symbol library 'PCP-2-rescue'
    ; warning
    @(6500 mils, 14200 mils): Symbol 5D_P8 [74LS10]
[lib_symbol_issues]: The current configuration does not include the symbol library 'PCP-2-rescue'
    ; warning
    @(6500 mils, 16950 mils): Symbol 4E_P8 [74LS10]
[lib_symbol_issues]: The current configuration does not include the symbol library 'PCP-2-rescue'
    ; warning
    @(7750 mils, 3450 mils): Symbol 4D_P8 [74LS04]
[lib_symbol_issues]: The current configuration does not include the symbol library 'PCP-2-rescue'
    ; warning
    @(7750 mils, 6200 mils): Symbol 4D_P8 [74LS04]
[lib_symbol_issues]: The current configuration does not include the symbol library 'PCP-2-rescue'
    ; warning
    @(7750 mils, 8850 mils): Symbol 4D_P8 [74LS04]
[lib_symbol_issues]: The current configuration does not include the symbol library 'PCP-2-rescue'
    ; warning
    @(7750 mils, 11550 mils): Symbol 4D_P8 [74LS04]
[lib_symbol_issues]: The current configuration does not include the symbol library 'PCP-2-rescue'
    ; warning
    @(7750 mils, 14200 mils): Symbol 4D_P8 [74LS04]
[lib_symbol_issues]: The current configuration does not include the symbol library 'PCP-2-rescue'
    ; warning
    @(7750 mils, 16950 mils): Symbol 4D_P8 [74LS04]
[lib_symbol_issues]: The current configuration does not include the symbol library 'PCP-2-rescue'
    ; warning
    @(9200 mils, 2400 mils): Symbol 4C_P8 [7400]
[lib_symbol_issues]: The current configuration does not include the symbol library 'PCP-2-rescue'
    ; warning
    @(9200 mils, 3300 mils): Symbol 5B_P8 [74LS10]
[lib_symbol_issues]: The current configuration does not include the symbol library 'PCP-2-rescue'
    ; warning
    @(9200 mils, 5150 mils): Symbol 4C_P8 [7400]
[lib_symbol_issues]: The current configuration does not include the symbol library 'PCP-2-rescue'
    ; warning
    @(9200 mils, 6050 mils): Symbol 5B_P8 [74LS10]
[lib_symbol_issues]: The current configuration does not include the symbol library 'PCP-2-rescue'
    ; warning
    @(9200 mils, 7800 mils): Symbol 4C_P8 [7400]
[lib_symbol_issues]: The current configuration does not include the symbol library 'PCP-2-rescue'
    ; warning
    @(9200 mils, 8700 mils): Symbol 5C_P8 [74LS10]
[lib_symbol_issues]: The current configuration does not include the symbol library 'PCP-2-rescue'
    ; warning
    @(9200 mils, 13150 mils): Symbol 4B_P8 [7400]
[lib_symbol_issues]: The current configuration does not include the symbol library 'PCP-2-rescue'
    ; warning
    @(9200 mils, 14050 mils): Symbol 5C_P8 [74LS10]
[lib_symbol_issues]: The current configuration does not include the symbol library 'PCP-2-rescue'
    ; warning
    @(9200 mils, 15900 mils): Symbol 4C_P8 [7400]
[lib_symbol_issues]: The current configuration does not include the symbol library 'PCP-2-rescue'
    ; warning
    @(9200 mils, 16800 mils): Symbol 5C_P8 [74LS10]
[lib_symbol_issues]: The current configuration does not include the symbol library 'PCP-2-rescue'
    ; warning
    @(9250 mils, 10450 mils): Symbol 5B_P8 [74LS10]
[lib_symbol_issues]: The current configuration does not include the symbol library 'PCP-2-rescue'
    ; warning
    @(9250 mils, 11450 mils): Symbol 4B_P8 [7400]
[footprint_link_issues]: The current configuration does not include the footprint library ''
    ; warning
    @(11050 mils, 4200 mils): Symbol Q1_P8 [BC414]
[lib_symbol_issues]: The current configuration does not include the symbol library 'PCP-2-rescue'
    ; warning
    @(11050 mils, 4200 mils): Symbol Q1_P8 [BC414]
[footprint_link_issues]: The current configuration does not include the footprint library ''
    ; warning
    @(11050 mils, 6950 mils): Symbol Q2_P8 [BC414]
[lib_symbol_issues]: The current configuration does not include the symbol library 'PCP-2-rescue'
    ; warning
    @(11050 mils, 6950 mils): Symbol Q2_P8 [BC414]
[footprint_link_issues]: The current configuration does not include the footprint library ''
    ; warning
    @(11050 mils, 9600 mils): Symbol Q3_P8 [BC414]
[lib_symbol_issues]: The current configuration does not include the symbol library 'PCP-2-rescue'
    ; warning
    @(11050 mils, 9600 mils): Symbol Q3_P8 [BC414]
[footprint_link_issues]: The current configuration does not include the footprint library ''
    ; warning
    @(11050 mils, 12350 mils): Symbol Q4_P8 [BC414]
[lib_symbol_issues]: The current configuration does not include the symbol library 'PCP-2-rescue'
    ; warning
    @(11050 mils, 12350 mils): Symbol Q4_P8 [BC414]
[footprint_link_issues]: The current configuration does not include the footprint library ''
    ; warning
    @(11050 mils, 14950 mils): Symbol Q5_P8 [BC414]
[lib_symbol_issues]: The current configuration does not include the symbol library 'PCP-2-rescue'
    ; warning
    @(11050 mils, 14950 mils): Symbol Q5_P8 [BC414]
[footprint_link_issues]: The current configuration does not include the footprint library ''
    ; warning
    @(11050 mils, 17700 mils): Symbol Q6_P8 [BC414]
[lib_symbol_issues]: The current configuration does not include the symbol library 'PCP-2-rescue'
    ; warning
    @(11050 mils, 17700 mils): Symbol Q6_P8 [BC414]
[lib_symbol_issues]: The current configuration does not include the symbol library 'PCP-2-rescue'
    ; warning
    @(11400 mils, 3100 mils): Symbol R7_P8 [R]
[lib_symbol_issues]: The current configuration does not include the symbol library 'PCP-2-rescue'
    ; warning
    @(11400 mils, 3850 mils): Symbol R8 [R]
[lib_symbol_issues]: The current configuration does not include the symbol library 'PCP-2-rescue'
    ; warning
    @(11400 mils, 5850 mils): Symbol R9 [R]
[lib_symbol_issues]: The current configuration does not include the symbol library 'PCP-2-rescue'
    ; warning
    @(11400 mils, 6600 mils): Symbol R10 [R]
[lib_symbol_issues]: The current configuration does not include the symbol library 'PCP-2-rescue'
    ; warning
    @(11400 mils, 8500 mils): Symbol R11 [R]
[lib_symbol_issues]: The current configuration does not include the symbol library 'PCP-2-rescue'
    ; warning
    @(11400 mils, 9250 mils): Symbol R12 [R]
[lib_symbol_issues]: The current configuration does not include the symbol library 'PCP-2-rescue'
    ; warning
    @(11400 mils, 11250 mils): Symbol R13 [R]
[lib_symbol_issues]: The current configuration does not include the symbol library 'PCP-2-rescue'
    ; warning
    @(11400 mils, 12000 mils): Symbol R14 [R]
[lib_symbol_issues]: The current configuration does not include the symbol library 'PCP-2-rescue'
    ; warning
    @(11400 mils, 13850 mils): Symbol R15 [R]
[lib_symbol_issues]: The current configuration does not include the symbol library 'PCP-2-rescue'
    ; warning
    @(11400 mils, 14600 mils): Symbol R16 [R]
[lib_symbol_issues]: The current configuration does not include the symbol library 'PCP-2-rescue'
    ; warning
    @(11400 mils, 16600 mils): Symbol R17 [R]
[lib_symbol_issues]: The current configuration does not include the symbol library 'PCP-2-rescue'
    ; warning
    @(11400 mils, 17350 mils): Symbol R18 [R]
[lib_symbol_issues]: The current configuration does not include the symbol library 'PCP-2-rescue'
    ; warning
    @(11850 mils, 3450 mils): Symbol D1 [DIODE]
[lib_symbol_issues]: The current configuration does not include the symbol library 'PCP-2-rescue'
    ; warning
    @(11850 mils, 6200 mils): Symbol D2 [DIODE]
[lib_symbol_issues]: The current configuration does not include the symbol library 'PCP-2-rescue'
    ; warning
    @(11850 mils, 8850 mils): Symbol D3 [DIODE]
[lib_symbol_issues]: The current configuration does not include the symbol library 'PCP-2-rescue'
    ; warning
    @(11850 mils, 11600 mils): Symbol D4 [DIODE]
[lib_symbol_issues]: The current configuration does not include the symbol library 'PCP-2-rescue'
    ; warning
    @(11850 mils, 14200 mils): Symbol D5 [DIODE]
[lib_symbol_issues]: The current configuration does not include the symbol library 'PCP-2-rescue'
    ; warning
    @(11850 mils, 16950 mils): Symbol D6 [DIODE]
[footprint_link_issues]: The current configuration does not include the footprint library ''
    ; warning
    @(16950 mils, 15650 mils): Symbol Q7_P8 [BC414]
[lib_symbol_issues]: The current configuration does not include the symbol library 'PCP-2-rescue'
    ; warning
    @(16950 mils, 15650 mils): Symbol Q7_P8 [BC414]
[footprint_link_issues]: The current configuration does not include the footprint library ''
    ; warning
    @(16950 mils, 16550 mils): Symbol Q8_P8 [BC414]
[lib_symbol_issues]: The current configuration does not include the symbol library 'PCP-2-rescue'
    ; warning
    @(16950 mils, 16550 mils): Symbol Q8_P8 [BC414]
[footprint_link_issues]: The current configuration does not include the footprint library ''
    ; warning
    @(16950 mils, 17350 mils): Symbol Q9_P8 [BC414]
[lib_symbol_issues]: The current configuration does not include the symbol library 'PCP-2-rescue'
    ; warning
    @(16950 mils, 17350 mils): Symbol Q9_P8 [BC414]
[lib_symbol_issues]: The current configuration does not include the symbol library 'PCP-2-rescue'
    ; warning
    @(17700 mils, 15350 mils): Symbol R19 [R]
[lib_symbol_issues]: The current configuration does not include the symbol library 'PCP-2-rescue'
    ; warning
    @(17700 mils, 16250 mils): Symbol R20 [R]
[lib_symbol_issues]: The current configuration does not include the symbol library 'PCP-2-rescue'
    ; warning
    @(17700 mils, 17050 mils): Symbol R21 [R]
[lib_symbol_issues]: The current configuration does not include the symbol library 'PCP-2-rescue'
    ; warning
    @(18700 mils, 15650 mils): Symbol 3B_P8 [74LS04]
[lib_symbol_issues]: The current configuration does not include the symbol library 'PCP-2-rescue'
    ; warning
    @(18700 mils, 16550 mils): Symbol 3B_P8 [74LS04]
[lib_symbol_issues]: The current configuration does not include the symbol library 'PCP-2-rescue'
    ; warning
    @(18700 mils, 17350 mils): Symbol 3B_P8 [74LS04]
[lib_symbol_issues]: The current configuration does not include the symbol library 'PCP-2-rescue'
    ; warning
    @(20450 mils, 20300 mils): Symbol R22 [R]
[lib_symbol_issues]: The current configuration does not include the symbol library 'PCP-2-rescue'
    ; warning
    @(20450 mils, 20700 mils): Symbol R23 [R]
[lib_symbol_issues]: The current configuration does not include the symbol library 'PCP-2-rescue'
    ; warning
    @(21550 mils, 15950 mils): Symbol #PWR034 [GND]
[lib_symbol_issues]: The current configuration does not include the symbol library 'PCP-2-rescue'
    ; warning
    @(21550 mils, 16750 mils): Symbol #PWR044 [GND]
[lib_symbol_issues]: The current configuration does not include the symbol library 'PCP-2-rescue'
    ; warning
    @(21550 mils, 17650 mils): Symbol #PWR042 [GND]
[footprint_link_issues]: The current configuration does not include the footprint library ''
    ; warning
    @(21650 mils, 15650 mils): Symbol Q10_P8 [BC414]
[lib_symbol_issues]: The current configuration does not include the symbol library 'PCP-2-rescue'
    ; warning
    @(21650 mils, 15650 mils): Symbol Q10_P8 [BC414]
[footprint_link_issues]: The current configuration does not include the footprint library ''
    ; warning
    @(21650 mils, 16450 mils): Symbol Q11_P8 [BC414]
[lib_symbol_issues]: The current configuration does not include the symbol library 'PCP-2-rescue'
    ; warning
    @(21650 mils, 16450 mils): Symbol Q11_P8 [BC414]
[footprint_link_issues]: The current configuration does not include the footprint library ''
    ; warning
    @(21650 mils, 17350 mils): Symbol Q12_P8 [BC414]
[lib_symbol_issues]: The current configuration does not include the symbol library 'PCP-2-rescue'
    ; warning
    @(21650 mils, 17350 mils): Symbol Q12_P8 [BC414]
[lib_symbol_issues]: The current configuration does not include the symbol library 'PCP-2-rescue'
    ; warning
    @(21900 mils, 20050 mils): Symbol 2A_P8 [7400]
[lib_symbol_issues]: The current configuration does not include the symbol library 'PCP-2-rescue'
    ; warning
    @(21900 mils, 20900 mils): Symbol 2A_P8 [7400]
[lib_symbol_issues]: The current configuration does not include the symbol library 'PCP-2-rescue'
    ; warning
    @(22000 mils, 15350 mils): Symbol #PWR033 [VCC-power]
[lib_symbol_issues]: The current configuration does not include the symbol library 'PCP-2-rescue'
    ; warning
    @(22000 mils, 16150 mils): Symbol #PWR043 [VCC-power]
[lib_symbol_issues]: The current configuration does not include the symbol library 'PCP-2-rescue'
    ; warning
    @(22000 mils, 17050 mils): Symbol #PWR041 [VCC-power]
[lib_symbol_issues]: The current configuration does not include the symbol library 'PCP-2-rescue'
    ; warning
    @(22400 mils, 15350 mils): Symbol R24 [R]
[lib_symbol_issues]: The current configuration does not include the symbol library 'PCP-2-rescue'
    ; warning
    @(22400 mils, 16150 mils): Symbol R25 [R]
[lib_symbol_issues]: The current configuration does not include the symbol library 'PCP-2-rescue'
    ; warning
    @(22400 mils, 17050 mils): Symbol R26 [R]
[lib_symbol_issues]: The current configuration does not include the symbol library 'PCP-2-rescue'
    ; warning
    @(23050 mils, 10950 mils): Symbol CONECTOR_F_P8 [CONN_35X2]
[lib_symbol_issues]: The current configuration does not include the symbol library 'PCP-2-rescue'
    ; warning
    @(23400 mils, 15650 mils): Symbol 3B_P8 [74LS04]
[lib_symbol_issues]: The current configuration does not include the symbol library 'PCP-2-rescue'
    ; warning
    @(23400 mils, 16450 mils): Symbol 3B_P8 [74LS04]
[lib_symbol_issues]: The current configuration does not include the symbol library 'PCP-2-rescue'
    ; warning
    @(23400 mils, 17350 mils): Symbol 3A_P8 [74LS04]
[lib_symbol_issues]: The current configuration does not include the symbol library 'PCP-2-rescue'
    ; warning
    @(23550 mils, 2150 mils): Symbol R27 [R]
[lib_symbol_issues]: The current configuration does not include the symbol library 'PCP-2-rescue'
    ; warning
    @(23900 mils, 2150 mils): Symbol R28 [R]
[lib_symbol_issues]: The current configuration does not include the symbol library 'PCP-2-rescue'
    ; warning
    @(24250 mils, 2150 mils): Symbol R29 [R]
[lib_symbol_issues]: The current configuration does not include the symbol library 'PCP-2-rescue'
    ; warning
    @(24600 mils, 2150 mils): Symbol R30 [R]
[lib_symbol_issues]: The current configuration does not include the symbol library 'PCP-2-rescue'
    ; warning
    @(24950 mils, 2150 mils): Symbol R31 [R]
[lib_symbol_issues]: The current configuration does not include the symbol library 'PCP-2-rescue'
    ; warning
    @(25300 mils, 2150 mils): Symbol R32 [R]
[lib_symbol_issues]: The current configuration does not include the symbol library 'PCP-2-rescue'
    ; warning
    @(25650 mils, 2150 mils): Symbol R33 [R]
[lib_symbol_issues]: The current configuration does not include the symbol library 'PCP-2-rescue'
    ; warning
    @(26000 mils, 2150 mils): Symbol R34 [R]
[footprint_link_issues]: The current configuration does not include the footprint library ''
    ; warning
    @(26250 mils, 15600 mils): Symbol Q13_P8 [BC414]
[lib_symbol_issues]: The current configuration does not include the symbol library 'PCP-2-rescue'
    ; warning
    @(26250 mils, 15600 mils): Symbol Q13_P8 [BC414]
[footprint_link_issues]: The current configuration does not include the footprint library ''
    ; warning
    @(26250 mils, 16400 mils): Symbol Q14_P8 [BC414]
[lib_symbol_issues]: The current configuration does not include the symbol library 'PCP-2-rescue'
    ; warning
    @(26250 mils, 16400 mils): Symbol Q14_P8 [BC414]
[footprint_link_issues]: The current configuration does not include the footprint library ''
    ; warning
    @(26250 mils, 17300 mils): Symbol Q15_P8 [BC414]
[lib_symbol_issues]: The current configuration does not include the symbol library 'PCP-2-rescue'
    ; warning
    @(26250 mils, 17300 mils): Symbol Q15_P8 [BC414]
[lib_symbol_issues]: The current configuration does not include the symbol library 'PCP-2-rescue'
    ; warning
    @(26350 mils, 2150 mils): Symbol R35 [R]
[lib_symbol_issues]: The current configuration does not include the symbol library 'PCP-2-rescue'
    ; warning
    @(26700 mils, 2150 mils): Symbol R36 [R]
[lib_symbol_issues]: The current configuration does not include the symbol library 'PCP-2-rescue'
    ; warning
    @(27000 mils, 15300 mils): Symbol R37 [R]
[lib_symbol_issues]: The current configuration does not include the symbol library 'PCP-2-rescue'
    ; warning
    @(27000 mils, 16100 mils): Symbol R38 [R]
[lib_symbol_issues]: The current configuration does not include the symbol library 'PCP-2-rescue'
    ; warning
    @(27000 mils, 17000 mils): Symbol R39 [R]
[lib_symbol_issues]: The current configuration does not include the symbol library 'PCP-2-rescue'
    ; warning
    @(27050 mils, 2150 mils): Symbol R40 [R]
[lib_symbol_issues]: The current configuration does not include the symbol library 'PCP-2-rescue'
    ; warning
    @(27400 mils, 2150 mils): Symbol R41 [R]
[lib_symbol_issues]: The current configuration does not include the symbol library 'PCP-2-rescue'
    ; warning
    @(27750 mils, 2150 mils): Symbol R42 [R]
[lib_symbol_issues]: The current configuration does not include the symbol library 'PCP-2-rescue'
    ; warning
    @(28000 mils, 15600 mils): Symbol 3A_P8 [74LS04]
[lib_symbol_issues]: The current configuration does not include the symbol library 'PCP-2-rescue'
    ; warning
    @(28000 mils, 16400 mils): Symbol 3B_P8 [74LS04]
[lib_symbol_issues]: The current configuration does not include the symbol library 'PCP-2-rescue'
    ; warning
    @(28000 mils, 17300 mils): Symbol 3A_P8 [74LS04]
[lib_symbol_issues]: The current configuration does not include the symbol library 'PCP-2-rescue'
    ; warning
    @(28100 mils, 2150 mils): Symbol R43 [R]
[lib_symbol_issues]: The current configuration does not include the symbol library 'PCP-2-rescue'
    ; warning
    @(28150 mils, 10950 mils): Symbol CONECTOR_T_P8 [CONN_35X2]
[lib_symbol_issues]: The current configuration does not include the symbol library 'PCP-2-rescue'
    ; warning
    @(28450 mils, 2150 mils): Symbol R44 [R]
[lib_symbol_issues]: The current configuration does not include the symbol library 'PCP-2-rescue'
    ; warning
    @(28800 mils, 2150 mils): Symbol R45 [R]
[lib_symbol_issues]: The current configuration does not include the symbol library 'PCP-2-rescue'
    ; warning
    @(29150 mils, 2150 mils): Symbol R46 [R]
[lib_symbol_issues]: The current configuration does not include the symbol library 'PCP-2-rescue'
    ; warning
    @(29500 mils, 2150 mils): Symbol R47 [R]
[lib_symbol_issues]: The current configuration does not include the symbol library 'CRC-1-rescue'
    ; warning
    @(4750 mils, 8700 mils): Symbol CONECTOR_P9 [CONN_35X2]
[lib_symbol_issues]: The current configuration does not include the symbol library 'CRC-1-rescue'
    ; warning
    @(9300 mils, 12650 mils): Symbol R1_P9 [R]
[footprint_link_issues]: The current configuration does not include the footprint library ''
    ; warning
    @(9400 mils, 11800 mils): Symbol Q1_P9 [BC413B]
[lib_symbol_issues]: The current configuration does not include the symbol library 'CRC-1-rescue'
    ; warning
    @(9400 mils, 11800 mils): Symbol Q1_P9 [BC413B]
[lib_symbol_issues]: The current configuration does not include the symbol library 'CRC-1-rescue'
    ; warning
    @(9900 mils, 11250 mils): Symbol R2_P9 [R]
[footprint_link_issues]: The current configuration does not include the footprint library ''
    ; warning
    @(10000 mils, 12050 mils): Symbol Q2_P9 [BC413B]
[lib_symbol_issues]: The current configuration does not include the symbol library 'CRC-1-rescue'
    ; warning
    @(10000 mils, 12050 mils): Symbol Q2_P9 [BC413B]
[lib_symbol_issues]: The current configuration does not include the symbol library 'CRC-1-rescue'
    ; warning
    @(10350 mils, 11250 mils): Symbol R3_P9 [R]
[lib_symbol_issues]: The current configuration does not include the symbol library 'CRC-1-rescue'
    ; warning
    @(10350 mils, 12700 mils): Symbol R4_P9 [R]
[lib_symbol_issues]: The current configuration does not include the symbol library 'CRC-1-rescue'
    ; warning
    @(10400 mils, 8600 mils): Symbol 1E_P9 [74LS04]
[lib_symbol_issues]: The current configuration does not include the symbol library 'CRC-1-rescue'
    ; warning
    @(10850 mils, 12650 mils): Symbol C1_P9 [C]
[lib_symbol_issues]: The current configuration does not include the symbol library 'CRC-1-rescue'
    ; warning
    @(11250 mils, 12050 mils): Symbol C2_P9 [C]
[lib_symbol_issues]: The current configuration does not include the symbol library 'CRC-1-rescue'
    ; warning
    @(11650 mils, 11200 mils): Symbol L1_P9 [INDUCTOR]
[lib_symbol_issues]: The current configuration does not include the symbol library 'CRC-1-rescue'
    ; warning
    @(11650 mils, 12850 mils): Symbol R5_P9 [R]
[footprint_link_issues]: The current configuration does not include the footprint library ''
    ; warning
    @(11750 mils, 12300 mils): Symbol Q3_P9 [BC413B]
[lib_symbol_issues]: The current configuration does not include the symbol library 'CRC-1-rescue'
    ; warning
    @(11750 mils, 12300 mils): Symbol Q3_P9 [BC413B]
[lib_symbol_issues]: The current configuration does not include the symbol library 'CRC-1-rescue'
    ; warning
    @(11800 mils, 8600 mils): Symbol 1F_P9 [74HC74]
[lib_symbol_issues]: The current configuration does not include the symbol library 'CRC-1-rescue'
    ; warning
    @(12000 mils, 11700 mils): Symbol C3_P9 [C]
[lib_symbol_issues]: The current configuration does not include the symbol library 'CRC-1-rescue'
    ; warning
    @(12600 mils, 11700 mils): Symbol XTAL1_P9 [CRYSTAL]
[lib_symbol_issues]: The current configuration does not include the symbol library 'CRC-1-rescue'
    ; warning
    @(13050 mils, 11250 mils): Symbol R6_P9 [R]
[lib_symbol_issues]: The current configuration does not include the symbol library 'CRC-1-rescue'
    ; warning
    @(13050 mils, 12700 mils): Symbol C4_P9 [C]
[lib_symbol_issues]: The current configuration does not include the symbol library 'CRC-1-rescue'
    ; warning
    @(13100 mils, 8000 mils): Symbol 1E_P9 [74LS04]
[lib_symbol_issues]: The current configuration does not include the symbol library 'CRC-1-rescue'
    ; warning
    @(13100 mils, 8400 mils): Symbol 1E_P9 [74LS04]
[lib_symbol_issues]: The current configuration does not include the symbol library 'CRC-1-rescue'
    ; warning
    @(13100 mils, 8800 mils): Symbol 1E_P9 [74LS04]
[lib_symbol_issues]: The current configuration does not include the symbol library 'CRC-1-rescue'
    ; warning
    @(13100 mils, 9200 mils): Symbol 1E_P9 [74LS04]
[lib_symbol_issues]: The current configuration does not include the symbol library 'CRC-1-rescue'
    ; warning
    @(13450 mils, 11950 mils): Symbol C5_P9 [C]
[lib_symbol_issues]: The current configuration does not include the symbol library 'CRC-1-rescue'
    ; warning
    @(14000 mils, 6650 mils): Symbol 1E_P9 [74LS04]
[lib_symbol_issues]: The current configuration does not include the symbol library 'CRC-1-rescue'
    ; warning
    @(15350 mils, 6650 mils): Symbol 3E_P9 [74LS15]
[lib_symbol_issues]: The current configuration does not include the symbol library 'CRC-1-rescue'
    ; warning
    @(15550 mils, 10800 mils): Symbol #PWR013 [VCC-power]
[lib_symbol_issues]: The current configuration does not include the symbol library 'CRC-1-rescue'
    ; warning
    @(15550 mils, 11500 mils): Symbol 1F_P9 [74HC74]
[lib_symbol_issues]: The current configuration does not include the symbol library 'CRC-1-rescue'
    ; warning
    @(16650 mils, 14250 mils): Symbol 5E_P9 [74LS04]
[lib_symbol_issues]: The current configuration does not include the symbol library 'CRC-1-rescue'
    ; warning
    @(17000 mils, 14250 mils): Symbol 5E_P9 [74LS04]
[lib_symbol_issues]: The current configuration does not include the symbol library 'CRC-1-rescue'
    ; warning
    @(17250 mils, 7550 mils): Symbol 1D_P9 [74HC74]
[lib_symbol_issues]: The current configuration does not include the symbol library 'CRC-1-rescue'
    ; warning
    @(17350 mils, 9450 mils): Symbol 3D_P9 [74LS04]
[lib_symbol_issues]: The current configuration does not include the symbol library 'CRC-1-rescue'
    ; warning
    @(17350 mils, 11950 mils): Symbol 5D_P9 [7400]
[lib_symbol_issues]: The current configuration does not include the symbol library 'CRC-1-rescue'
    ; warning
    @(17700 mils, 9450 mils): Symbol 3D_P9 [74LS04]
[lib_symbol_issues]: The current configuration does not include the symbol library 'CRC-1-rescue'
    ; warning
    @(18150 mils, 11250 mils): Symbol 3D_P9 [74LS04]
[lib_symbol_issues]: The current configuration does not include the symbol library 'CRC-1-rescue'
    ; warning
    @(18350 mils, 14250 mils): Symbol 5E_P9 [74LS04]
[lib_symbol_issues]: The current configuration does not include the symbol library 'CRC-1-rescue'
    ; warning
    @(18700 mils, 14250 mils): Symbol 5E_P9 [74LS04]
[lib_symbol_issues]: The current configuration does not include the symbol library 'CRC-1-rescue'
    ; warning
    @(18950 mils, 7550 mils): Symbol 1D_P9 [74HC74]
[lib_symbol_issues]: The current configuration does not include the symbol library 'CRC-1-rescue'
    ; warning
    @(19050 mils, 9450 mils): Symbol 3D_P9 [74LS04]
[lib_symbol_issues]: The current configuration does not include the symbol library 'CRC-1-rescue'
    ; warning
    @(19050 mils, 11950 mils): Symbol 5D_P9 [7400]
[lib_symbol_issues]: The current configuration does not include the symbol library 'CRC-1-rescue'
    ; warning
    @(19150 mils, 18150 mils): Symbol 5E_P9 [74LS04]
[lib_symbol_issues]: The current configuration does not include the symbol library 'CRC-1-rescue'
    ; warning
    @(19400 mils, 9450 mils): Symbol 3D_P9 [74LS04]
[lib_symbol_issues]: The current configuration does not include the symbol library 'CRC-1-rescue'
    ; warning
    @(19500 mils, 16650 mils): Symbol 3E_P9 [74LS15]
[lib_symbol_issues]: The current configuration does not include the symbol library 'CRC-1-rescue'
    ; warning
    @(19850 mils, 11250 mils): Symbol 3D_P9 [74LS04]
[lib_symbol_issues]: The current configuration does not include the symbol library 'CRC-1-rescue'
    ; warning
    @(20150 mils, 14250 mils): Symbol 5C_P9 [74LS04]
[lib_symbol_issues]: The current configuration does not include the symbol library 'CRC-1-rescue'
    ; warning
    @(20500 mils, 14250 mils): Symbol 5C_P9 [74LS04]
[lib_symbol_issues]: The current configuration does not include the symbol library 'CRC-1-rescue'
    ; warning
    @(20750 mils, 7550 mils): Symbol 1C_P9 [74HC74]
[lib_symbol_issues]: The current configuration does not include the symbol library 'CRC-1-rescue'
    ; warning
    @(20850 mils, 9450 mils): Symbol 3C_P9 [74LS04]
[lib_symbol_issues]: The current configuration does not include the symbol library 'CRC-1-rescue'
    ; warning
    @(20850 mils, 11950 mils): Symbol 5D_P9 [7400]
[lib_symbol_issues]: The current configuration does not include the symbol library 'CRC-1-rescue'
    ; warning
    @(21200 mils, 9450 mils): Symbol 3C_P9 [74LS04]
[lib_symbol_issues]: The current configuration does not include the symbol library 'CRC-1-rescue'
    ; warning
    @(21300 mils, 16650 mils): Symbol 3E_P9 [74LS15]
[lib_symbol_issues]: The current configuration does not include the symbol library 'CRC-1-rescue'
    ; warning
    @(21650 mils, 11250 mils): Symbol 3C_P9 [74LS04]
[lib_symbol_issues]: The current configuration does not include the symbol library 'CRC-1-rescue'
    ; warning
    @(21650 mils, 18150 mils): Symbol 5E_P9 [74LS04]
[lib_symbol_issues]: The current configuration does not include the symbol library 'CRC-1-rescue'
    ; warning
    @(21850 mils, 14250 mils): Symbol 5C_P9 [74LS04]
[lib_symbol_issues]: The current configuration does not include the symbol library 'CRC-1-rescue'
    ; warning
    @(22200 mils, 14250 mils): Symbol 5C_P9 [74LS04]
[lib_symbol_issues]: The current configuration does not include the symbol library 'CRC-1-rescue'
    ; warning
    @(22450 mils, 7550 mils): Symbol 1C_P9 [74HC74]
[lib_symbol_issues]: The current configuration does not include the symbol library 'CRC-1-rescue'
    ; warning
    @(22550 mils, 9450 mils): Symbol 3C_P9 [74LS04]
[lib_symbol_issues]: The current configuration does not include the symbol library 'CRC-1-rescue'
    ; warning
    @(22550 mils, 11950 mils): Symbol 5D_P9 [7400]
[lib_symbol_issues]: The current configuration does not include the symbol library 'CRC-1-rescue'
    ; warning
    @(22900 mils, 9450 mils): Symbol 3C_P9 [74LS04]
[lib_symbol_issues]: The current configuration does not include the symbol library 'CRC-1-rescue'
    ; warning
    @(23350 mils, 11250 mils): Symbol 3C_P9 [74LS04]
[lib_symbol_issues]: The current configuration does not include the symbol library 'CRC-1-rescue'
    ; warning
    @(23650 mils, 14250 mils): Symbol 5C_P9 [74LS04]
[lib_symbol_issues]: The current configuration does not include the symbol library 'CRC-1-rescue'
    ; warning
    @(24000 mils, 14250 mils): Symbol 5C_P9 [74LS04]
[lib_symbol_issues]: The current configuration does not include the symbol library 'CRC-1-rescue'
    ; warning
    @(24250 mils, 7550 mils): Symbol 1B_P9 [74HC74]
[lib_symbol_issues]: The current configuration does not include the symbol library 'CRC-1-rescue'
    ; warning
    @(24350 mils, 9450 mils): Symbol 3B_P9 [74LS04]
[lib_symbol_issues]: The current configuration does not include the symbol library 'CRC-1-rescue'
    ; warning
    @(24350 mils, 11950 mils): Symbol 5B_P9 [7400]
[lib_symbol_issues]: The current configuration does not include the symbol library 'CRC-1-rescue'
    ; warning
    @(24700 mils, 9450 mils): Symbol 3B_P9 [74LS04]
[lib_symbol_issues]: The current configuration does not include the symbol library 'CRC-1-rescue'
    ; warning
    @(25150 mils, 11250 mils): Symbol 3B_P9 [74LS04]
[lib_symbol_issues]: The current configuration does not include the symbol library 'CRC-1-rescue'
    ; warning
    @(25350 mils, 14250 mils): Symbol 5A_P9 [74LS04]
[lib_symbol_issues]: The current configuration does not include the symbol library 'CRC-1-rescue'
    ; warning
    @(25700 mils, 14250 mils): Symbol 5A_P9 [74LS04]
[lib_symbol_issues]: The current configuration does not include the symbol library 'CRC-1-rescue'
    ; warning
    @(25950 mils, 7550 mils): Symbol 1B_P9 [74HC74]
[lib_symbol_issues]: The current configuration does not include the symbol library 'CRC-1-rescue'
    ; warning
    @(26050 mils, 9450 mils): Symbol 3B_P9 [74LS04]
[lib_symbol_issues]: The current configuration does not include the symbol library 'CRC-1-rescue'
    ; warning
    @(26050 mils, 11950 mils): Symbol 5B_P9 [7400]
[lib_symbol_issues]: The current configuration does not include the symbol library 'CRC-1-rescue'
    ; warning
    @(26400 mils, 9450 mils): Symbol 3B_P9 [74LS04]
[lib_symbol_issues]: The current configuration does not include the symbol library 'CRC-1-rescue'
    ; warning
    @(26850 mils, 11250 mils): Symbol 3B_P9 [74LS04]
[lib_symbol_issues]: The current configuration does not include the symbol library 'CRC-1-rescue'
    ; warning
    @(27150 mils, 14250 mils): Symbol 5A_P9 [74LS04]
[lib_symbol_issues]: The current configuration does not include the symbol library 'CRC-1-rescue'
    ; warning
    @(27500 mils, 14250 mils): Symbol 5A_P9 [74LS04]
[lib_symbol_issues]: The current configuration does not include the symbol library 'CRC-1-rescue'
    ; warning
    @(27750 mils, 7550 mils): Symbol 1A_P9 [74HC74]
[lib_symbol_issues]: The current configuration does not include the symbol library 'CRC-1-rescue'
    ; warning
    @(27850 mils, 9450 mils): Symbol 3A_P9 [74LS04]
[lib_symbol_issues]: The current configuration does not include the symbol library 'CRC-1-rescue'
    ; warning
    @(27850 mils, 11950 mils): Symbol 5B_P9 [7400]
[lib_symbol_issues]: The current configuration does not include the symbol library 'CRC-1-rescue'
    ; warning
    @(28200 mils, 9450 mils): Symbol 3A_P9 [74LS04]
[lib_symbol_issues]: The current configuration does not include the symbol library 'CRC-1-rescue'
    ; warning
    @(28650 mils, 11250 mils): Symbol 3A_P9 [74LS04]
[lib_symbol_issues]: The current configuration does not include the symbol library 'CRC-1-rescue'
    ; warning
    @(28850 mils, 14250 mils): Symbol 5A_P9 [74LS04]
[lib_symbol_issues]: The current configuration does not include the symbol library 'CRC-1-rescue'
    ; warning
    @(29200 mils, 14250 mils): Symbol 5A_P9 [74LS04]
[lib_symbol_issues]: The current configuration does not include the symbol library 'CRC-1-rescue'
    ; warning
    @(29450 mils, 7550 mils): Symbol 1A_P9 [74HC74]
[lib_symbol_issues]: The current configuration does not include the symbol library 'CRC-1-rescue'
    ; warning
    @(29550 mils, 9450 mils): Symbol 3A_P9 [74LS04]
[lib_symbol_issues]: The current configuration does not include the symbol library 'CRC-1-rescue'
    ; warning
    @(29550 mils, 11950 mils): Symbol 5B_P9 [7400]
[lib_symbol_issues]: The current configuration does not include the symbol library 'CRC-1-rescue'
    ; warning
    @(29900 mils, 9450 mils): Symbol 3A_P9 [74LS04]
[lib_symbol_issues]: The current configuration does not include the symbol library 'CRC-1-rescue'
    ; warning
    @(30350 mils, 11250 mils): Symbol 3A_P9 [74LS04]
[lib_symbol_issues]: The current configuration does not include the symbol library 'CDE-3-rescue'
    ; warning
    @(4100 mils, 7050 mils): Symbol CONECTOR_P10 [CONN_35X2-RESCUE-CDE-3]
[footprint_link_issues]: The current configuration does not include the footprint library 'Housings_DIP'
    ; warning
    @(9850 mils, 10800 mils): Symbol 1C_P10 [74LS10-RESCUE-CDE-3]
[lib_symbol_issues]: The current configuration does not include the symbol library 'CDE-3-rescue'
    ; warning
    @(9850 mils, 10800 mils): Symbol 1C_P10 [74LS10-RESCUE-CDE-3]
[footprint_link_issues]: The current configuration does not include the footprint library 'Housings_DIP'
    ; warning
    @(9850 mils, 12000 mils): Symbol 1C_P10 [74LS10-RESCUE-CDE-3]
[lib_symbol_issues]: The current configuration does not include the symbol library 'CDE-3-rescue'
    ; warning
    @(9850 mils, 12000 mils): Symbol 1C_P10 [74LS10-RESCUE-CDE-3]
[footprint_link_issues]: The current configuration does not include the footprint library 'Housings_DIP'
    ; warning
    @(9850 mils, 17700 mils): Symbol 2E_P10 [74LS13-RESCUE-CDE-3]
[lib_symbol_issues]: The current configuration does not include the symbol library 'CDE-3-rescue'
    ; warning
    @(9850 mils, 17700 mils): Symbol 2E_P10 [74LS13-RESCUE-CDE-3]
[footprint_link_issues]: The current configuration does not include the footprint library 'Housings_DIP'
    ; warning
    @(9900 mils, 5500 mils): Symbol 4D_P10 [7400-RESCUE-CDE-3]
[lib_symbol_issues]: The current configuration does not include the symbol library 'CDE-3-rescue'
    ; warning
    @(9900 mils, 5500 mils): Symbol 4D_P10 [7400-RESCUE-CDE-3]
[footprint_link_issues]: The current configuration does not include the footprint library 'Housings_DIP'
    ; warning
    @(9900 mils, 6400 mils): Symbol 4D_P10 [7400-RESCUE-CDE-3]
[lib_symbol_issues]: The current configuration does not include the symbol library 'CDE-3-rescue'
    ; warning
    @(9900 mils, 6400 mils): Symbol 4D_P10 [7400-RESCUE-CDE-3]
[footprint_link_issues]: The current configuration does not include the footprint library 'Housings_DIP'
    ; warning
    @(9900 mils, 7600 mils): Symbol 4D_P10 [7400-RESCUE-CDE-3]
[lib_symbol_issues]: The current configuration does not include the symbol library 'CDE-3-rescue'
    ; warning
    @(9900 mils, 7600 mils): Symbol 4D_P10 [7400-RESCUE-CDE-3]
[footprint_link_issues]: The current configuration does not include the footprint library 'Housings_DIP'
    ; warning
    @(10800 mils, 14950 mils): Symbol 2C_P10 [74LS30-RESCUE-CDE-3]
[lib_symbol_issues]: The current configuration does not include the symbol library 'CDE-3-rescue'
    ; warning
    @(10800 mils, 14950 mils): Symbol 2C_P10 [74LS30-RESCUE-CDE-3]
[footprint_link_issues]: The current configuration does not include the footprint library 'Housings_DIP'
    ; warning
    @(12250 mils, 12900 mils): Symbol 3A_P10 [74HC04-RESCUE-CDE-3]
[lib_symbol_issues]: The current configuration does not include the symbol library 'CDE-3-rescue'
    ; warning
    @(12250 mils, 12900 mils): Symbol 3A_P10 [74HC04-RESCUE-CDE-3]
[footprint_link_issues]: The current configuration does not include the footprint library 'Housings_DIP'
    ; warning
    @(12250 mils, 13400 mils): Symbol 3A_P10 [74HC04-RESCUE-CDE-3]
[lib_symbol_issues]: The current configuration does not include the symbol library 'CDE-3-rescue'
    ; warning
    @(12250 mils, 13400 mils): Symbol 3A_P10 [74HC04-RESCUE-CDE-3]
[footprint_link_issues]: The current configuration does not include the footprint library 'Housings_DIP'
    ; warning
    @(12300 mils, 5500 mils): Symbol 3A_P10 [74HC04-RESCUE-CDE-3]
[lib_symbol_issues]: The current configuration does not include the symbol library 'CDE-3-rescue'
    ; warning
    @(12300 mils, 5500 mils): Symbol 3A_P10 [74HC04-RESCUE-CDE-3]
[footprint_link_issues]: The current configuration does not include the footprint library 'Housings_DIP'
    ; warning
    @(12300 mils, 8500 mils): Symbol 3A_P10 [74HC04-RESCUE-CDE-3]
[lib_symbol_issues]: The current configuration does not include the symbol library 'CDE-3-rescue'
    ; warning
    @(12300 mils, 8500 mils): Symbol 3A_P10 [74HC04-RESCUE-CDE-3]
[footprint_link_issues]: The current configuration does not include the footprint library 'Housings_DIP'
    ; warning
    @(12300 mils, 9000 mils): Symbol 3A_P10 [74HC04-RESCUE-CDE-3]
[lib_symbol_issues]: The current configuration does not include the symbol library 'CDE-3-rescue'
    ; warning
    @(12300 mils, 9000 mils): Symbol 3A_P10 [74HC04-RESCUE-CDE-3]
[footprint_link_issues]: The current configuration does not include the footprint library 'Housings_DIP'
    ; warning
    @(12300 mils, 10500 mils): Symbol 5C_P10 [7402-RESCUE-CDE-3]
[lib_symbol_issues]: The current configuration does not include the symbol library 'CDE-3-rescue'
    ; warning
    @(12300 mils, 10500 mils): Symbol 5C_P10 [7402-RESCUE-CDE-3]
[footprint_link_issues]: The current configuration does not include the footprint library 'Housings_DIP'
    ; warning
    @(12300 mils, 11100 mils): Symbol 5C_P10 [7402-RESCUE-CDE-3]
[lib_symbol_issues]: The current configuration does not include the symbol library 'CDE-3-rescue'
    ; warning
    @(12300 mils, 11100 mils): Symbol 5C_P10 [7402-RESCUE-CDE-3]
[footprint_link_issues]: The current configuration does not include the footprint library 'Housings_DIP'
    ; warning
    @(12300 mils, 11700 mils): Symbol 5C_P10 [7402-RESCUE-CDE-3]
[lib_symbol_issues]: The current configuration does not include the symbol library 'CDE-3-rescue'
    ; warning
    @(12300 mils, 11700 mils): Symbol 5C_P10 [7402-RESCUE-CDE-3]
[footprint_link_issues]: The current configuration does not include the footprint library 'Housings_DIP'
    ; warning
    @(12300 mils, 12300 mils): Symbol 5C_P10 [7402-RESCUE-CDE-3]
[lib_symbol_issues]: The current configuration does not include the symbol library 'CDE-3-rescue'
    ; warning
    @(12300 mils, 12300 mils): Symbol 5C_P10 [7402-RESCUE-CDE-3]
[footprint_link_issues]: The current configuration does not include the footprint library 'Housings_DIP'
    ; warning
    @(12300 mils, 18850 mils): Symbol 3A_P10 [74HC04-RESCUE-CDE-3]
[lib_symbol_issues]: The current configuration does not include the symbol library 'CDE-3-rescue'
    ; warning
    @(12300 mils, 18850 mils): Symbol 3A_P10 [74HC04-RESCUE-CDE-3]
[footprint_link_issues]: The current configuration does not include the footprint library 'Housings_DIP'
    ; warning
    @(12350 mils, 6100 mils): Symbol 4C_P10 [7402-RESCUE-CDE-3]
[lib_symbol_issues]: The current configuration does not include the symbol library 'CDE-3-rescue'
    ; warning
    @(12350 mils, 6100 mils): Symbol 4C_P10 [7402-RESCUE-CDE-3]
[footprint_link_issues]: The current configuration does not include the footprint library 'Housings_DIP'
    ; warning
    @(12350 mils, 6700 mils): Symbol 4C_P10 [7402-RESCUE-CDE-3]
[lib_symbol_issues]: The current configuration does not include the symbol library 'CDE-3-rescue'
    ; warning
    @(12350 mils, 6700 mils): Symbol 4C_P10 [7402-RESCUE-CDE-3]
[footprint_link_issues]: The current configuration does not include the footprint library 'Housings_DIP'
    ; warning
    @(12350 mils, 7300 mils): Symbol 4C_P10 [7402-RESCUE-CDE-3]
[lib_symbol_issues]: The current configuration does not include the symbol library 'CDE-3-rescue'
    ; warning
    @(12350 mils, 7300 mils): Symbol 4C_P10 [7402-RESCUE-CDE-3]
[footprint_link_issues]: The current configuration does not include the footprint library 'Housings_DIP'
    ; warning
    @(12350 mils, 7900 mils): Symbol 4C_P10 [7402-RESCUE-CDE-3]
[lib_symbol_issues]: The current configuration does not include the symbol library 'CDE-3-rescue'
    ; warning
    @(12350 mils, 7900 mils): Symbol 4C_P10 [7402-RESCUE-CDE-3]
[footprint_link_issues]: The current configuration does not include the footprint library 'Housings_DIP'
    ; warning
    @(12350 mils, 16400 mils): Symbol 5B_P10 [7402-RESCUE-CDE-3]
[lib_symbol_issues]: The current configuration does not include the symbol library 'CDE-3-rescue'
    ; warning
    @(12350 mils, 16400 mils): Symbol 5B_P10 [7402-RESCUE-CDE-3]
[footprint_link_issues]: The current configuration does not include the footprint library 'Housings_DIP'
    ; warning
    @(12350 mils, 17000 mils): Symbol 5B_P10 [7402-RESCUE-CDE-3]
[lib_symbol_issues]: The current configuration does not include the symbol library 'CDE-3-rescue'
    ; warning
    @(12350 mils, 17000 mils): Symbol 5B_P10 [7402-RESCUE-CDE-3]
[footprint_link_issues]: The current configuration does not include the footprint library 'Housings_DIP'
    ; warning
    @(12350 mils, 17600 mils): Symbol 5B_P10 [7402-RESCUE-CDE-3]
[lib_symbol_issues]: The current configuration does not include the symbol library 'CDE-3-rescue'
    ; warning
    @(12350 mils, 17600 mils): Symbol 5B_P10 [7402-RESCUE-CDE-3]
[footprint_link_issues]: The current configuration does not include the footprint library 'Housings_DIP'
    ; warning
    @(12350 mils, 18200 mils): Symbol 5B_P10 [7402-RESCUE-CDE-3]
[lib_symbol_issues]: The current configuration does not include the symbol library 'CDE-3-rescue'
    ; warning
    @(12350 mils, 18200 mils): Symbol 5B_P10 [7402-RESCUE-CDE-3]
[footprint_link_issues]: The current configuration does not include the footprint library 'Housings_DIP'
    ; warning
    @(17200 mils, 16450 mils): Symbol 2E_P10 [74LS13-RESCUE-CDE-3]
[lib_symbol_issues]: The current configuration does not include the symbol library 'CDE-3-rescue'
    ; warning
    @(17200 mils, 16450 mils): Symbol 2E_P10 [74LS13-RESCUE-CDE-3]
[footprint_link_issues]: The current configuration does not include the footprint library 'Housings_DIP'
    ; warning
    @(17750 mils, 5600 mils): Symbol 1A_P10 [74HC04-RESCUE-CDE-3]
[lib_symbol_issues]: The current configuration does not include the symbol library 'CDE-3-rescue'
    ; warning
    @(17750 mils, 5600 mils): Symbol 1A_P10 [74HC04-RESCUE-CDE-3]
[footprint_link_issues]: The current configuration does not include the footprint library 'Housings_DIP'
    ; warning
    @(17750 mils, 6000 mils): Symbol 1A_P10 [74HC04-RESCUE-CDE-3]
[lib_symbol_issues]: The current configuration does not include the symbol library 'CDE-3-rescue'
    ; warning
    @(17750 mils, 6000 mils): Symbol 1A_P10 [74HC04-RESCUE-CDE-3]
[footprint_link_issues]: The current configuration does not include the footprint library 'Housings_DIP'
    ; warning
    @(17750 mils, 6400 mils): Symbol 1A_P10 [74HC04-RESCUE-CDE-3]
[lib_symbol_issues]: The current configuration does not include the symbol library 'CDE-3-rescue'
    ; warning
    @(17750 mils, 6400 mils): Symbol 1A_P10 [74HC04-RESCUE-CDE-3]
[footprint_link_issues]: The current configuration does not include the footprint library 'Housings_DIP'
    ; warning
    @(17750 mils, 6800 mils): Symbol 1B_P10 [74HC04-RESCUE-CDE-3]
[lib_symbol_issues]: The current configuration does not include the symbol library 'CDE-3-rescue'
    ; warning
    @(17750 mils, 6800 mils): Symbol 1B_P10 [74HC04-RESCUE-CDE-3]
[footprint_link_issues]: The current configuration does not include the footprint library 'Housings_DIP'
    ; warning
    @(17750 mils, 7200 mils): Symbol 1B_P10 [74HC04-RESCUE-CDE-3]
[lib_symbol_issues]: The current configuration does not include the symbol library 'CDE-3-rescue'
    ; warning
    @(17750 mils, 7200 mils): Symbol 1B_P10 [74HC04-RESCUE-CDE-3]
[footprint_link_issues]: The current configuration does not include the footprint library 'Housings_DIP'
    ; warning
    @(17750 mils, 7600 mils): Symbol 1B_P10 [74HC04-RESCUE-CDE-3]
[lib_symbol_issues]: The current configuration does not include the symbol library 'CDE-3-rescue'
    ; warning
    @(17750 mils, 7600 mils): Symbol 1B_P10 [74HC04-RESCUE-CDE-3]
[footprint_link_issues]: The current configuration does not include the footprint library 'Housings_DIP'
    ; warning
    @(17750 mils, 8000 mils): Symbol 2A_P10 [74HC04-RESCUE-CDE-3]
[lib_symbol_issues]: The current configuration does not include the symbol library 'CDE-3-rescue'
    ; warning
    @(17750 mils, 8000 mils): Symbol 2A_P10 [74HC04-RESCUE-CDE-3]
[footprint_link_issues]: The current configuration does not include the footprint library 'Housings_DIP'
    ; warning
    @(17750 mils, 8400 mils): Symbol 2A_P10 [74HC04-RESCUE-CDE-3]
[lib_symbol_issues]: The current configuration does not include the symbol library 'CDE-3-rescue'
    ; warning
    @(17750 mils, 8400 mils): Symbol 2A_P10 [74HC04-RESCUE-CDE-3]
[footprint_link_issues]: The current configuration does not include the footprint library 'Housings_DIP'
    ; warning
    @(18250 mils, 10700 mils): Symbol 2A_P10 [74HC04-RESCUE-CDE-3]
[lib_symbol_issues]: The current configuration does not include the symbol library 'CDE-3-rescue'
    ; warning
    @(18250 mils, 10700 mils): Symbol 2A_P10 [74HC04-RESCUE-CDE-3]
[footprint_link_issues]: The current configuration does not include the footprint library 'Housings_DIP'
    ; warning
    @(18250 mils, 11100 mils): Symbol 2A_P10 [74HC04-RESCUE-CDE-3]
[lib_symbol_issues]: The current configuration does not include the symbol library 'CDE-3-rescue'
    ; warning
    @(18250 mils, 11100 mils): Symbol 2A_P10 [74HC04-RESCUE-CDE-3]
[footprint_link_issues]: The current configuration does not include the footprint library 'Housings_DIP'
    ; warning
    @(18250 mils, 11500 mils): Symbol 2B_P10 [74HC04-RESCUE-CDE-3]
[lib_symbol_issues]: The current configuration does not include the symbol library 'CDE-3-rescue'
    ; warning
    @(18250 mils, 11500 mils): Symbol 2B_P10 [74HC04-RESCUE-CDE-3]
[footprint_link_issues]: The current configuration does not include the footprint library 'Housings_DIP'
    ; warning
    @(18250 mils, 11900 mils): Symbol 2B_P10 [74HC04-RESCUE-CDE-3]
[lib_symbol_issues]: The current configuration does not include the symbol library 'CDE-3-rescue'
    ; warning
    @(18250 mils, 11900 mils): Symbol 2B_P10 [74HC04-RESCUE-CDE-3]
[footprint_link_issues]: The current configuration does not include the footprint library 'Housings_DIP'
    ; warning
    @(18250 mils, 12300 mils): Symbol 2B_P10 [74HC04-RESCUE-CDE-3]
[lib_symbol_issues]: The current configuration does not include the symbol library 'CDE-3-rescue'
    ; warning
    @(18250 mils, 12300 mils): Symbol 2B_P10 [74HC04-RESCUE-CDE-3]
[footprint_link_issues]: The current configuration does not include the footprint library 'Housings_DIP'
    ; warning
    @(18250 mils, 12700 mils): Symbol 2B_P10 [74HC04-RESCUE-CDE-3]
[lib_symbol_issues]: The current configuration does not include the symbol library 'CDE-3-rescue'
    ; warning
    @(18250 mils, 12700 mils): Symbol 2B_P10 [74HC04-RESCUE-CDE-3]
[footprint_link_issues]: The current configuration does not include the footprint library 'Housings_DIP'
    ; warning
    @(18250 mils, 13100 mils): Symbol 2B_P10 [74HC04-RESCUE-CDE-3]
[lib_symbol_issues]: The current configuration does not include the symbol library 'CDE-3-rescue'
    ; warning
    @(18250 mils, 13100 mils): Symbol 2B_P10 [74HC04-RESCUE-CDE-3]
[footprint_link_issues]: The current configuration does not include the footprint library 'Housings_DIP'
    ; warning
    @(18250 mils, 13500 mils): Symbol 2B_P10 [74HC04-RESCUE-CDE-3]
[lib_symbol_issues]: The current configuration does not include the symbol library 'CDE-3-rescue'
    ; warning
    @(18250 mils, 13500 mils): Symbol 2B_P10 [74HC04-RESCUE-CDE-3]
[footprint_link_issues]: The current configuration does not include the footprint library 'Housings_DIP'
    ; warning
    @(18850 mils, 5800 mils): Symbol 1A_P10 [74HC04-RESCUE-CDE-3]
[lib_symbol_issues]: The current configuration does not include the symbol library 'CDE-3-rescue'
    ; warning
    @(18850 mils, 5800 mils): Symbol 1A_P10 [74HC04-RESCUE-CDE-3]
[footprint_link_issues]: The current configuration does not include the footprint library 'Housings_DIP'
    ; warning
    @(18850 mils, 6200 mils): Symbol 1A_P10 [74HC04-RESCUE-CDE-3]
[lib_symbol_issues]: The current configuration does not include the symbol library 'CDE-3-rescue'
    ; warning
    @(18850 mils, 6200 mils): Symbol 1A_P10 [74HC04-RESCUE-CDE-3]
[footprint_link_issues]: The current configuration does not include the footprint library 'Housings_DIP'
    ; warning
    @(18850 mils, 6600 mils): Symbol 1A_P10 [74HC04-RESCUE-CDE-3]
[lib_symbol_issues]: The current configuration does not include the symbol library 'CDE-3-rescue'
    ; warning
    @(18850 mils, 6600 mils): Symbol 1A_P10 [74HC04-RESCUE-CDE-3]
[footprint_link_issues]: The current configuration does not include the footprint library 'Housings_DIP'
    ; warning
    @(18850 mils, 7000 mils): Symbol 1B_P10 [74HC04-RESCUE-CDE-3]
[lib_symbol_issues]: The current configuration does not include the symbol library 'CDE-3-rescue'
    ; warning
    @(18850 mils, 7000 mils): Symbol 1B_P10 [74HC04-RESCUE-CDE-3]
[footprint_link_issues]: The current configuration does not include the footprint library 'Housings_DIP'
    ; warning
    @(18850 mils, 7400 mils): Symbol 1B_P10 [74HC04-RESCUE-CDE-3]
[lib_symbol_issues]: The current configuration does not include the symbol library 'CDE-3-rescue'
    ; warning
    @(18850 mils, 7400 mils): Symbol 1B_P10 [74HC04-RESCUE-CDE-3]
[footprint_link_issues]: The current configuration does not include the footprint library 'Housings_DIP'
    ; warning
    @(18850 mils, 7800 mils): Symbol 1B_P10 [74HC04-RESCUE-CDE-3]
[lib_symbol_issues]: The current configuration does not include the symbol library 'CDE-3-rescue'
    ; warning
    @(18850 mils, 7800 mils): Symbol 1B_P10 [74HC04-RESCUE-CDE-3]
[footprint_link_issues]: The current configuration does not include the footprint library 'Housings_DIP'
    ; warning
    @(18850 mils, 8200 mils): Symbol 2A_P10 [74HC04-RESCUE-CDE-3]
[lib_symbol_issues]: The current configuration does not include the symbol library 'CDE-3-rescue'
    ; warning
    @(18850 mils, 8200 mils): Symbol 2A_P10 [74HC04-RESCUE-CDE-3]
[footprint_link_issues]: The current configuration does not include the footprint library 'Housings_DIP'
    ; warning
    @(18850 mils, 8600 mils): Symbol 2A_P10 [74HC04-RESCUE-CDE-3]
[lib_symbol_issues]: The current configuration does not include the symbol library 'CDE-3-rescue'
    ; warning
    @(18850 mils, 8600 mils): Symbol 2A_P10 [74HC04-RESCUE-CDE-3]
[footprint_link_issues]: The current configuration does not include the footprint library 'Housings_DIP'
    ; warning
    @(19050 mils, 18150 mils): Symbol 3B_P10 [74HC04-RESCUE-CDE-3]
[lib_symbol_issues]: The current configuration does not include the symbol library 'CDE-3-rescue'
    ; warning
    @(19050 mils, 18150 mils): Symbol 3B_P10 [74HC04-RESCUE-CDE-3]
[footprint_link_issues]: The current configuration does not include the footprint library 'Housings_DIP'
    ; warning
    @(19100 mils, 15750 mils): Symbol 4B_P10 [7402-RESCUE-CDE-3]
[lib_symbol_issues]: The current configuration does not include the symbol library 'CDE-3-rescue'
    ; warning
    @(19100 mils, 15750 mils): Symbol 4B_P10 [7402-RESCUE-CDE-3]
[footprint_link_issues]: The current configuration does not include the footprint library 'Housings_DIP'
    ; warning
    @(19100 mils, 16350 mils): Symbol 4B_P10 [7402-RESCUE-CDE-3]
[lib_symbol_issues]: The current configuration does not include the symbol library 'CDE-3-rescue'
    ; warning
    @(19100 mils, 16350 mils): Symbol 4B_P10 [7402-RESCUE-CDE-3]
[footprint_link_issues]: The current configuration does not include the footprint library 'Housings_DIP'
    ; warning
    @(19100 mils, 16950 mils): Symbol 4B_P10 [7402-RESCUE-CDE-3]
[lib_symbol_issues]: The current configuration does not include the symbol library 'CDE-3-rescue'
    ; warning
    @(19100 mils, 16950 mils): Symbol 4B_P10 [7402-RESCUE-CDE-3]
[footprint_link_issues]: The current configuration does not include the footprint library 'Housings_DIP'
    ; warning
    @(19100 mils, 17550 mils): Symbol 4B_P10 [7402-RESCUE-CDE-3]
[lib_symbol_issues]: The current configuration does not include the symbol library 'CDE-3-rescue'
    ; warning
    @(19100 mils, 17550 mils): Symbol 4B_P10 [7402-RESCUE-CDE-3]
[footprint_link_issues]: The current configuration does not include the footprint library 'Housings_DIP'
    ; warning
    @(22000 mils, 9950 mils): Symbol 2D_P10 [74LS10-RESCUE-CDE-3]
[lib_symbol_issues]: The current configuration does not include the symbol library 'CDE-3-rescue'
    ; warning
    @(22000 mils, 9950 mils): Symbol 2D_P10 [74LS10-RESCUE-CDE-3]
[footprint_link_issues]: The current configuration does not include the footprint library 'Housings_DIP'
    ; warning
    @(22050 mils, 10700 mils): Symbol 3B_P10 [74HC04-RESCUE-CDE-3]
[lib_symbol_issues]: The current configuration does not include the symbol library 'CDE-3-rescue'
    ; warning
    @(22050 mils, 10700 mils): Symbol 3B_P10 [74HC04-RESCUE-CDE-3]
[footprint_link_issues]: The current configuration does not include the footprint library 'Housings_DIP'
    ; warning
    @(23550 mils, 13650 mils): Symbol 1D_P10 [74LS10-RESCUE-CDE-3]
[lib_symbol_issues]: The current configuration does not include the symbol library 'CDE-3-rescue'
    ; warning
    @(23550 mils, 13650 mils): Symbol 1D_P10 [74LS10-RESCUE-CDE-3]
[footprint_link_issues]: The current configuration does not include the footprint library 'Housings_DIP'
    ; warning
    @(23550 mils, 14300 mils): Symbol 1D_P10 [74LS10-RESCUE-CDE-3]
[lib_symbol_issues]: The current configuration does not include the symbol library 'CDE-3-rescue'
    ; warning
    @(23550 mils, 14300 mils): Symbol 1D_P10 [74LS10-RESCUE-CDE-3]
[footprint_link_issues]: The current configuration does not include the footprint library 'Capacitors_ThroughHole'
    ; warning
    @(23550 mils, 16250 mils): Symbol C1A_P10 [CP1-RESCUE-CDE-3]
[lib_symbol_issues]: The current configuration does not include the symbol library 'CDE-3-rescue'
    ; warning
    @(23550 mils, 16250 mils): Symbol C1A_P10 [CP1-RESCUE-CDE-3]
[footprint_link_issues]: The current configuration does not include the footprint library 'Capacitors_ThroughHole'
    ; warning
    @(23550 mils, 17850 mils): Symbol C1B_P10 [CP1-RESCUE-CDE-3]
[lib_symbol_issues]: The current configuration does not include the symbol library 'CDE-3-rescue'
    ; warning
    @(23550 mils, 17850 mils): Symbol C1B_P10 [CP1-RESCUE-CDE-3]
[footprint_link_issues]: The current configuration does not include the footprint library 'Capacitors_ThroughHole'
    ; warning
    @(24200 mils, 16250 mils): Symbol C2A_P10 [CP1-RESCUE-CDE-3]
[lib_symbol_issues]: The current configuration does not include the symbol library 'CDE-3-rescue'
    ; warning
    @(24200 mils, 16250 mils): Symbol C2A_P10 [CP1-RESCUE-CDE-3]
[footprint_link_issues]: The current configuration does not include the footprint library 'Capacitors_ThroughHole'
    ; warning
    @(24200 mils, 17850 mils): Symbol C2B_P10 [CP1-RESCUE-CDE-3]
[lib_symbol_issues]: The current configuration does not include the symbol library 'CDE-3-rescue'
    ; warning
    @(24200 mils, 17850 mils): Symbol C2B_P10 [CP1-RESCUE-CDE-3]
[footprint_link_issues]: The current configuration does not include the footprint library 'Housings_DIP'
    ; warning
    @(24600 mils, 8700 mils): Symbol 3D_P10 [74LS10-RESCUE-CDE-3]
[lib_symbol_issues]: The current configuration does not include the symbol library 'CDE-3-rescue'
    ; warning
    @(24600 mils, 8700 mils): Symbol 3D_P10 [74LS10-RESCUE-CDE-3]
[footprint_link_issues]: The current configuration does not include the footprint library 'Housings_DIP'
    ; warning
    @(24600 mils, 9300 mils): Symbol 3D_P10 [74LS10-RESCUE-CDE-3]
[lib_symbol_issues]: The current configuration does not include the symbol library 'CDE-3-rescue'
    ; warning
    @(24600 mils, 9300 mils): Symbol 3D_P10 [74LS10-RESCUE-CDE-3]
[footprint_link_issues]: The current configuration does not include the footprint library 'Housings_DIP'
    ; warning
    @(24600 mils, 9900 mils): Symbol 3D_P10 [74LS10-RESCUE-CDE-3]
[lib_symbol_issues]: The current configuration does not include the symbol library 'CDE-3-rescue'
    ; warning
    @(24600 mils, 9900 mils): Symbol 3D_P10 [74LS10-RESCUE-CDE-3]
[footprint_link_issues]: The current configuration does not include the footprint library 'Housings_DIP'
    ; warning
    @(24600 mils, 10500 mils): Symbol 1E_P10 [74LS10-RESCUE-CDE-3]
[lib_symbol_issues]: The current configuration does not include the symbol library 'CDE-3-rescue'
    ; warning
    @(24600 mils, 10500 mils): Symbol 1E_P10 [74LS10-RESCUE-CDE-3]
[footprint_link_issues]: The current configuration does not include the footprint library 'Housings_DIP'
    ; warning
    @(24600 mils, 11100 mils): Symbol 2D_P10 [74LS10-RESCUE-CDE-3]
[lib_symbol_issues]: The current configuration does not include the symbol library 'CDE-3-rescue'
    ; warning
    @(24600 mils, 11100 mils): Symbol 2D_P10 [74LS10-RESCUE-CDE-3]
[footprint_link_issues]: The current configuration does not include the footprint library 'Housings_DIP'
    ; warning
    @(24600 mils, 11700 mils): Symbol 2D_P10 [74LS10-RESCUE-CDE-3]
[lib_symbol_issues]: The current configuration does not include the symbol library 'CDE-3-rescue'
    ; warning
    @(24600 mils, 11700 mils): Symbol 2D_P10 [74LS10-RESCUE-CDE-3]
[footprint_link_issues]: The current configuration does not include the footprint library 'Housings_DIP'
    ; warning
    @(24600 mils, 12300 mils): Symbol 1D_P10 [74LS10-RESCUE-CDE-3]
[lib_symbol_issues]: The current configuration does not include the symbol library 'CDE-3-rescue'
    ; warning
    @(24600 mils, 12300 mils): Symbol 1D_P10 [74LS10-RESCUE-CDE-3]
[footprint_link_issues]: The current configuration does not include the footprint library 'Housings_DIP'
    ; warning
    @(24600 mils, 12900 mils): Symbol 1C_P10 [74LS10-RESCUE-CDE-3]
[lib_symbol_issues]: The current configuration does not include the symbol library 'CDE-3-rescue'
    ; warning
    @(24600 mils, 12900 mils): Symbol 1C_P10 [74LS10-RESCUE-CDE-3]
[footprint_link_issues]: The current configuration does not include the footprint library 'Housings_DIP'
    ; warning
    @(24650 mils, 7750 mils): Symbol 4A_P10 [7402-RESCUE-CDE-3]
[lib_symbol_issues]: The current configuration does not include the symbol library 'CDE-3-rescue'
    ; warning
    @(24650 mils, 7750 mils): Symbol 4A_P10 [7402-RESCUE-CDE-3]
[footprint_link_issues]: The current configuration does not include the footprint library 'Capacitors_ThroughHole'
    ; warning
    @(24850 mils, 16250 mils): Symbol C3A_P10 [CP1-RESCUE-CDE-3]
[lib_symbol_issues]: The current configuration does not include the symbol library 'CDE-3-rescue'
    ; warning
    @(24850 mils, 16250 mils): Symbol C3A_P10 [CP1-RESCUE-CDE-3]
[footprint_link_issues]: The current configuration does not include the footprint library 'Capacitors_ThroughHole'
    ; warning
    @(24850 mils, 17850 mils): Symbol C3B_P10 [CP1-RESCUE-CDE-3]
[lib_symbol_issues]: The current configuration does not include the symbol library 'CDE-3-rescue'
    ; warning
    @(24850 mils, 17850 mils): Symbol C3B_P10 [CP1-RESCUE-CDE-3]
[footprint_link_issues]: The current configuration does not include the footprint library 'Housings_DIP'
    ; warning
    @(24900 mils, 13650 mils): Symbol 3B_P10 [74HC04-RESCUE-CDE-3]
[lib_symbol_issues]: The current configuration does not include the symbol library 'CDE-3-rescue'
    ; warning
    @(24900 mils, 13650 mils): Symbol 3B_P10 [74HC04-RESCUE-CDE-3]
[footprint_link_issues]: The current configuration does not include the footprint library 'Housings_DIP'
    ; warning
    @(24900 mils, 14300 mils): Symbol 3B_P10 [74HC04-RESCUE-CDE-3]
[lib_symbol_issues]: The current configuration does not include the symbol library 'CDE-3-rescue'
    ; warning
    @(24900 mils, 14300 mils): Symbol 3B_P10 [74HC04-RESCUE-CDE-3]
[footprint_link_issues]: The current configuration does not include the footprint library 'Capacitors_ThroughHole'
    ; warning
    @(25500 mils, 16250 mils): Symbol C4A_P10 [CP1-RESCUE-CDE-3]
[lib_symbol_issues]: The current configuration does not include the symbol library 'CDE-3-rescue'
    ; warning
    @(25500 mils, 16250 mils): Symbol C4A_P10 [CP1-RESCUE-CDE-3]
[footprint_link_issues]: The current configuration does not include the footprint library 'Capacitors_ThroughHole'
    ; warning
    @(25500 mils, 17850 mils): Symbol C4B_P10 [CP1-RESCUE-CDE-3]
[lib_symbol_issues]: The current configuration does not include the symbol library 'CDE-3-rescue'
    ; warning
    @(25500 mils, 17850 mils): Symbol C4B_P10 [CP1-RESCUE-CDE-3]
[footprint_link_issues]: The current configuration does not include the footprint library 'Capacitors_ThroughHole'
    ; warning
    @(26150 mils, 16250 mils): Symbol C5A_P10 [CP1-RESCUE-CDE-3]
[lib_symbol_issues]: The current configuration does not include the symbol library 'CDE-3-rescue'
    ; warning
    @(26150 mils, 16250 mils): Symbol C5A_P10 [CP1-RESCUE-CDE-3]
[footprint_link_issues]: The current configuration does not include the footprint library 'Capacitors_ThroughHole'
    ; warning
    @(26150 mils, 17850 mils): Symbol C5B_P10 [CP1-RESCUE-CDE-3]
[lib_symbol_issues]: The current configuration does not include the symbol library 'CDE-3-rescue'
    ; warning
    @(26150 mils, 17850 mils): Symbol C5B_P10 [CP1-RESCUE-CDE-3]
[footprint_link_issues]: The current configuration does not include the footprint library 'Housings_DIP'
    ; warning
    @(26600 mils, 8800 mils): Symbol 4A_P10 [7402-RESCUE-CDE-3]
[lib_symbol_issues]: The current configuration does not include the symbol library 'CDE-3-rescue'
    ; warning
    @(26600 mils, 8800 mils): Symbol 4A_P10 [7402-RESCUE-CDE-3]
[footprint_link_issues]: The current configuration does not include the footprint library 'Housings_DIP'
    ; warning
    @(26600 mils, 9400 mils): Symbol 4A_P10 [7402-RESCUE-CDE-3]
[lib_symbol_issues]: The current configuration does not include the symbol library 'CDE-3-rescue'
    ; warning
    @(26600 mils, 9400 mils): Symbol 4A_P10 [7402-RESCUE-CDE-3]
[footprint_link_issues]: The current configuration does not include the footprint library 'Housings_DIP'
    ; warning
    @(26600 mils, 10000 mils): Symbol 4A_P10 [7402-RESCUE-CDE-3]
[lib_symbol_issues]: The current configuration does not include the symbol library 'CDE-3-rescue'
    ; warning
    @(26600 mils, 10000 mils): Symbol 4A_P10 [7402-RESCUE-CDE-3]
[footprint_link_issues]: The current configuration does not include the footprint library 'Housings_DIP'
    ; warning
    @(26600 mils, 10600 mils): Symbol 5A_P10 [7402-RESCUE-CDE-3]
[lib_symbol_issues]: The current configuration does not include the symbol library 'CDE-3-rescue'
    ; warning
    @(26600 mils, 10600 mils): Symbol 5A_P10 [7402-RESCUE-CDE-3]
[footprint_link_issues]: The current configuration does not include the footprint library 'Housings_DIP'
    ; warning
    @(26600 mils, 11200 mils): Symbol 5A_P10 [7402-RESCUE-CDE-3]
[lib_symbol_issues]: The current configuration does not include the symbol library 'CDE-3-rescue'
    ; warning
    @(26600 mils, 11200 mils): Symbol 5A_P10 [7402-RESCUE-CDE-3]
[footprint_link_issues]: The current configuration does not include the footprint library 'Housings_DIP'
    ; warning
    @(26600 mils, 11800 mils): Symbol 5A_P10 [7402-RESCUE-CDE-3]
[lib_symbol_issues]: The current configuration does not include the symbol library 'CDE-3-rescue'
    ; warning
    @(26600 mils, 11800 mils): Symbol 5A_P10 [7402-RESCUE-CDE-3]
[footprint_link_issues]: The current configuration does not include the footprint library 'Housings_DIP'
    ; warning
    @(26600 mils, 12400 mils): Symbol 5A_P10 [7402-RESCUE-CDE-3]
[lib_symbol_issues]: The current configuration does not include the symbol library 'CDE-3-rescue'
    ; warning
    @(26600 mils, 12400 mils): Symbol 5A_P10 [7402-RESCUE-CDE-3]
[footprint_link_issues]: The current configuration does not include the footprint library 'Housings_DIP'
    ; warning
    @(26600 mils, 13000 mils): Symbol 3C_P10 [7402-RESCUE-CDE-3]
[lib_symbol_issues]: The current configuration does not include the symbol library 'CDE-3-rescue'
    ; warning
    @(26600 mils, 13000 mils): Symbol 3C_P10 [7402-RESCUE-CDE-3]
[footprint_link_issues]: The current configuration does not include the footprint library 'Capacitors_ThroughHole'
    ; warning
    @(27050 mils, 16250 mils): Symbol C1C_P10 [CP1-RESCUE-CDE-3]
[lib_symbol_issues]: The current configuration does not include the symbol library 'CDE-3-rescue'
    ; warning
    @(27050 mils, 16250 mils): Symbol C1C_P10 [CP1-RESCUE-CDE-3]
[footprint_link_issues]: The current configuration does not include the footprint library 'Capacitors_ThroughHole'
    ; warning
    @(27050 mils, 17850 mils): Symbol C1D_P10 [CP1-RESCUE-CDE-3]
[lib_symbol_issues]: The current configuration does not include the symbol library 'CDE-3-rescue'
    ; warning
    @(27050 mils, 17850 mils): Symbol C1D_P10 [CP1-RESCUE-CDE-3]
[footprint_link_issues]: The current configuration does not include the footprint library 'Capacitors_ThroughHole'
    ; warning
    @(27700 mils, 16250 mils): Symbol C2C_P10 [CP1-RESCUE-CDE-3]
[lib_symbol_issues]: The current configuration does not include the symbol library 'CDE-3-rescue'
    ; warning
    @(27700 mils, 16250 mils): Symbol C2C_P10 [CP1-RESCUE-CDE-3]
[footprint_link_issues]: The current configuration does not include the footprint library 'Capacitors_ThroughHole'
    ; warning
    @(27700 mils, 17850 mils): Symbol C2D_P10 [CP1-RESCUE-CDE-3]
[lib_symbol_issues]: The current configuration does not include the symbol library 'CDE-3-rescue'
    ; warning
    @(27700 mils, 17850 mils): Symbol C2D_P10 [CP1-RESCUE-CDE-3]
[footprint_link_issues]: The current configuration does not include the footprint library 'Capacitors_ThroughHole'
    ; warning
    @(28350 mils, 16250 mils): Symbol C3C_P10 [CP1-RESCUE-CDE-3]
[lib_symbol_issues]: The current configuration does not include the symbol library 'CDE-3-rescue'
    ; warning
    @(28350 mils, 16250 mils): Symbol C3C_P10 [CP1-RESCUE-CDE-3]
[footprint_link_issues]: The current configuration does not include the footprint library 'Capacitors_ThroughHole'
    ; warning
    @(28350 mils, 17850 mils): Symbol C3D_P10 [CP1-RESCUE-CDE-3]
[lib_symbol_issues]: The current configuration does not include the symbol library 'CDE-3-rescue'
    ; warning
    @(28350 mils, 17850 mils): Symbol C3D_P10 [CP1-RESCUE-CDE-3]
[footprint_link_issues]: The current configuration does not include the footprint library 'Capacitors_ThroughHole'
    ; warning
    @(29000 mils, 16250 mils): Symbol C4C_P10 [CP1-RESCUE-CDE-3]
[lib_symbol_issues]: The current configuration does not include the symbol library 'CDE-3-rescue'
    ; warning
    @(29000 mils, 16250 mils): Symbol C4C_P10 [CP1-RESCUE-CDE-3]
[footprint_link_issues]: The current configuration does not include the footprint library 'Capacitors_ThroughHole'
    ; warning
    @(29000 mils, 17850 mils): Symbol C4D_P10 [CP1-RESCUE-CDE-3]
[lib_symbol_issues]: The current configuration does not include the symbol library 'CDE-3-rescue'
    ; warning
    @(29000 mils, 17850 mils): Symbol C4D_P10 [CP1-RESCUE-CDE-3]
[footprint_link_issues]: The current configuration does not include the footprint library 'Capacitors_ThroughHole'
    ; warning
    @(29650 mils, 16250 mils): Symbol C5C_P10 [CP1-RESCUE-CDE-3]
[lib_symbol_issues]: The current configuration does not include the symbol library 'CDE-3-rescue'
    ; warning
    @(29650 mils, 16250 mils): Symbol C5C_P10 [CP1-RESCUE-CDE-3]
[footprint_link_issues]: The current configuration does not include the footprint library 'Capacitors_ThroughHole'
    ; warning
    @(29750 mils, 17850 mils): Symbol C1E_P10 [CP1-RESCUE-CDE-3]
[lib_symbol_issues]: The current configuration does not include the symbol library 'CDE-3-rescue'
    ; warning
    @(29750 mils, 17850 mils): Symbol C1E_P10 [CP1-RESCUE-CDE-3]
[footprint_link_issues]: The current configuration does not include the footprint library 'Capacitors_ThroughHole'
    ; warning
    @(30350 mils, 17850 mils): Symbol C2E_P10 [CP1-RESCUE-CDE-3]
[lib_symbol_issues]: The current configuration does not include the symbol library 'CDE-3-rescue'
    ; warning
    @(30350 mils, 17850 mils): Symbol C2E_P10 [CP1-RESCUE-CDE-3]
[lib_symbol_issues]: The current configuration does not include the symbol library 'CCE-2-rescue'
    ; warning
    @(3200 mils, 15400 mils): Symbol 3B_P11 [7400]
[lib_symbol_issues]: The current configuration does not include the symbol library 'CCE-2-rescue'
    ; warning
    @(3200 mils, 16250 mils): Symbol 3B_P11 [7400]
[lib_symbol_issues]: The current configuration does not include the symbol library 'CCE-2-rescue'
    ; warning
    @(4400 mils, 4300 mils): Symbol CONECTOR_P11 [CONN_35X2]
[lib_symbol_issues]: The current configuration does not include the symbol library 'CCE-2-rescue'
    ; warning
    @(4450 mils, 18750 mils): Symbol D1_P11 [DIODE]
[lib_symbol_issues]: The current configuration does not include the symbol library 'CCE-2-rescue'
    ; warning
    @(5200 mils, 18400 mils): Symbol C1_P11 [C]
[lib_symbol_issues]: The current configuration does not include the symbol library 'CCE-2-rescue'
    ; warning
    @(5200 mils, 18750 mils): Symbol R1_P11 [R]
[lib_symbol_issues]: The current configuration does not include the symbol library 'CCE-2-rescue'
    ; warning
    @(5350 mils, 15600 mils): Symbol 4B_P11 [74HC74]
[lib_symbol_issues]: The current configuration does not include the symbol library 'CCE-2-rescue'
    ; warning
    @(5500 mils, 16500 mils): Symbol 5A_P11 [7402]
[lib_symbol_issues]: The current configuration does not include the symbol library 'CCE-2-rescue'
    ; warning
    @(5850 mils, 19100 mils): Symbol R2_P11 [R]
[lib_symbol_issues]: The current configuration does not include the symbol library 'CCE-2-rescue'
    ; warning
    @(6450 mils, 17950 mils): Symbol R3_P11 [R]
[lib_symbol_issues]: The current configuration does not include the symbol library 'CCE-2-rescue'
    ; warning
    @(6450 mils, 18650 mils): Symbol T1_P11 [THYRISTOR]
[lib_symbol_issues]: The current configuration does not include the symbol library 'CCE-2-rescue'
    ; warning
    @(7100 mils, 19050 mils): Symbol C2_P11 [C]
[lib_symbol_issues]: The current configuration does not include the symbol library 'CCE-2-rescue'
    ; warning
    @(7150 mils, 15600 mils): Symbol 4B_P11 [74HC74]
[lib_symbol_issues]: The current configuration does not include the symbol library 'CCE-2-rescue'
    ; warning
    @(7700 mils, 17900 mils): Symbol C3_P11 [C]
[lib_symbol_issues]: The current configuration does not include the symbol library 'CCE-2-rescue'
    ; warning
    @(7700 mils, 18300 mils): Symbol R4_P11 [R]
[lib_symbol_issues]: The current configuration does not include the symbol library 'CCE-2-rescue'
    ; warning
    @(8300 mils, 18300 mils): Symbol D2_P11 [DIODE]
[lib_symbol_issues]: The current configuration does not include the symbol library 'CCE-2-rescue'
    ; warning
    @(8650 mils, 19000 mils): Symbol R5_P11 [R]
[endpoint_off_grid]: Symbol pin or wire end off connection grid
    ; warning
    @(8750 mils, 14120 mils): Symbol 4E_P11 Hidden pin 14 [VCC, Power input, Line]
[lib_symbol_issues]: The current configuration does not include the symbol library 'CCE-2-rescue'
    ; warning
    @(8850 mils, 13950 mils): Symbol 4E_P11 [74LS51]
[lib_symbol_issues]: The current configuration does not include the symbol library 'CCE-2-rescue'
    ; warning
    @(8850 mils, 15000 mils): Symbol 5A_P11 [7402]
[lib_symbol_issues]: The current configuration does not include the symbol library 'CCE-2-rescue'
    ; warning
    @(8900 mils, 16300 mils): Symbol 2E_P11 [7400]
[footprint_link_issues]: The current configuration does not include the footprint library ''
    ; warning
    @(9000 mils, 18300 mils): Symbol Q1_P11 [BC413]
[lib_symbol_issues]: The current configuration does not include the symbol library 'CCE-2-rescue'
    ; warning
    @(9000 mils, 18300 mils): Symbol Q1_P11 [BC413]
[lib_symbol_issues]: The current configuration does not include the symbol library 'CCE-2-rescue'
    ; warning
    @(9100 mils, 17550 mils): Symbol R6_P11 [R]
[lib_symbol_issues]: The current configuration does not include the symbol library 'CCE-2-rescue'
    ; warning
    @(9400 mils, 2600 mils): Symbol 5F_P11 [74LS04]
[lib_symbol_issues]: The current configuration does not include the symbol library 'CCE-2-rescue'
    ; warning
    @(9400 mils, 3100 mils): Symbol 5F_P11 [74LS04]
[lib_symbol_issues]: The current configuration does not include the symbol library 'CCE-2-rescue'
    ; warning
    @(10000 mils, 17950 mils): Symbol 4F_P11 [74LS04]
[lib_symbol_issues]: The current configuration does not include the symbol library 'CCE-2-rescue'
    ; warning
    @(10700 mils, 5250 mils): Symbol 4A_P11 [7400]
[lib_symbol_issues]: The current configuration does not include the symbol library 'CCE-2-rescue'
    ; warning
    @(10700 mils, 5750 mils): Symbol 4A_P11 [7400]
[lib_symbol_issues]: The current configuration does not include the symbol library 'CCE-2-rescue'
    ; warning
    @(10700 mils, 6250 mils): Symbol 4A_P11 [7400]
[endpoint_off_grid]: Symbol pin or wire end off connection grid
    ; warning
    @(10800 mils, 4030 mils): Symbol DUVIDA4_P11 Hidden pin 14 [VCC, Power input, Line]
[lib_symbol_issues]: The current configuration does not include the symbol library 'CCE-2-rescue'
    ; warning
    @(10800 mils, 15000 mils): Symbol 3E_P11 [74LS04]
[lib_symbol_issues]: The current configuration does not include the symbol library 'CCE-2-rescue'
    ; warning
    @(10900 mils, 4400 mils): Symbol DUVIDA4_P11 [74LS54]
[endpoint_off_grid]: Symbol pin or wire end off connection grid
    ; warning
    @(10950 mils, 2380 mils): Symbol 3A_P11 Hidden pin 14 [VCC, Power input, Line]
[lib_symbol_issues]: The current configuration does not include the symbol library 'CCE-2-rescue'
    ; warning
    @(11050 mils, 2750 mils): Symbol 3A_P11 [74LS54]
[lib_symbol_issues]: The current configuration does not include the symbol library 'CCE-2-rescue'
    ; warning
    @(11200 mils, 7450 mils): Symbol 3B_P11 [7400]
[lib_symbol_issues]: The current configuration does not include the symbol library 'CCE-2-rescue'
    ; warning
    @(11200 mils, 8300 mils): Symbol 3B_P11 [7400]
[lib_symbol_issues]: The current configuration does not include the symbol library 'CCE-2-rescue'
    ; warning
    @(11200 mils, 9350 mils): Symbol 4D_P11 [74HC74]
[lib_symbol_issues]: The current configuration does not include the symbol library 'CCE-2-rescue'
    ; warning
    @(11400 mils, 15950 mils): Symbol 4F_P11 [74LS04]
[lib_symbol_issues]: The current configuration does not include the symbol library 'CCE-2-rescue'
    ; warning
    @(11400 mils, 16450 mils): Symbol 4F_P11 [74LS04]
[lib_symbol_issues]: The current configuration does not include the symbol library 'CCE-2-rescue'
    ; warning
    @(11400 mils, 16950 mils): Symbol 4F_P11 [74LS04]
[lib_symbol_issues]: The current configuration does not include the symbol library 'CCE-2-rescue'
    ; warning
    @(11400 mils, 17450 mils): Symbol 4F_P11 [74LS04]
[lib_symbol_issues]: The current configuration does not include the symbol library 'CCE-2-rescue'
    ; warning
    @(11400 mils, 17950 mils): Symbol 4F_P11 [74LS04]
[lib_symbol_issues]: The current configuration does not include the symbol library 'CCE-2-rescue'
    ; warning
    @(11950 mils, 5750 mils): Symbol 1B_P11 [74LS04]
[lib_symbol_issues]: The current configuration does not include the symbol library 'CCE-2-rescue'
    ; warning
    @(11950 mils, 6250 mils): Symbol 1B_P11 [74LS04]
[lib_symbol_issues]: The current configuration does not include the symbol library 'CCE-2-rescue'
    ; warning
    @(12100 mils, 2750 mils): Symbol 1B_P11 [74LS04]
[lib_symbol_issues]: The current configuration does not include the symbol library 'CCE-2-rescue'
    ; warning
    @(12150 mils, 4400 mils): Symbol 1B_P11 [74LS04]
[lib_symbol_issues]: The current configuration does not include the symbol library 'CCE-2-rescue'
    ; warning
    @(13200 mils, 6000 mils): Symbol 2B_P11 [74LS107]
[lib_symbol_issues]: The current configuration does not include the symbol library 'CCE-2-rescue'
    ; warning
    @(13400 mils, 3600 mils): Symbol 2B_P11 [74LS107]
[endpoint_off_grid]: Symbol pin or wire end off connection grid
    ; warning
    @(13450 mils, 7430 mils): Symbol 2A_P11 Hidden pin 14 [VCC, Power input, Line]
[lib_symbol_issues]: The current configuration does not include the symbol library 'CCE-2-rescue'
    ; warning
    @(13550 mils, 7600 mils): Symbol 2A_P11 [74LS51]
[lib_symbol_issues]: The current configuration does not include the symbol library 'CCE-2-rescue'
    ; warning
    @(13600 mils, 8750 mils): Symbol 4A_P11 [7400]
[lib_symbol_issues]: The current configuration does not include the symbol library 'CCE-2-rescue'
    ; warning
    @(13600 mils, 9450 mils): Symbol 5A_P11 [7402]
[lib_symbol_issues]: The current configuration does not include the symbol library 'CCE-2-rescue'
    ; warning
    @(14650 mils, 7600 mils): Symbol 3E_P11 [74LS04]
[lib_symbol_issues]: The current configuration does not include the symbol library 'CCE-2-rescue'
    ; warning
    @(15100 mils, 3500 mils): Symbol 3F_P11 [74LS10]
[lib_symbol_issues]: The current configuration does not include the symbol library 'CCE-2-rescue'
    ; warning
    @(16350 mils, 9200 mils): Symbol 1E_P11 [74LS107]
[lib_symbol_issues]: The current configuration does not include the symbol library 'CCE-2-rescue'
    ; warning
    @(16400 mils, 7850 mils): Symbol 1E_P11 [74LS107]
[lib_symbol_issues]: The current configuration does not include the symbol library 'CCE-2-rescue'
    ; warning
    @(16650 mils, 3650 mils): Symbol 3F_P11 [74LS10]
[lib_symbol_issues]: The current configuration does not include the symbol library 'CCE-2-rescue'
    ; warning
    @(17100 mils, 13700 mils): Symbol 5F_P11 [74LS04]
[lib_symbol_issues]: The current configuration does not include the symbol library 'CCE-2-rescue'
    ; warning
    @(18100 mils, 3750 mils): Symbol 1C_P11 [7400]
[lib_symbol_issues]: The current configuration does not include the symbol library 'CCE-2-rescue'
    ; warning
    @(18150 mils, 3000 mils): Symbol 1B_P11 [74LS04]
[lib_symbol_issues]: The current configuration does not include the symbol library 'CCE-2-rescue'
    ; warning
    @(18300 mils, 13600 mils): Symbol 1D_P11 [7402]
[lib_symbol_issues]: The current configuration does not include the symbol library 'CCE-2-rescue'
    ; warning
    @(18350 mils, 15800 mils): Symbol 3C_P11 [7400]
[lib_symbol_issues]: The current configuration does not include the symbol library 'CCE-2-rescue'
    ; warning
    @(18350 mils, 16650 mils): Symbol 3C_P11 [7400]
[lib_symbol_issues]: The current configuration does not include the symbol library 'CCE-2-rescue'
    ; warning
    @(18350 mils, 18500 mils): Symbol 2E_P11 [7400]
[lib_symbol_issues]: The current configuration does not include the symbol library 'CCE-2-rescue'
    ; warning
    @(18350 mils, 19450 mils): Symbol 2E_P11 [7400]
[lib_symbol_issues]: The current configuration does not include the symbol library 'CCE-2-rescue'
    ; warning
    @(19550 mils, 3850 mils): Symbol 1C_P11 [7400]
[lib_symbol_issues]: The current configuration does not include the symbol library 'CCE-2-rescue'
    ; warning
    @(19550 mils, 4700 mils): Symbol 1C_P11 [7400]
[lib_symbol_issues]: The current configuration does not include the symbol library 'CCE-2-rescue'
    ; warning
    @(20050 mils, 15800 mils): Symbol 3C_P11 [7400]
[lib_symbol_issues]: The current configuration does not include the symbol library 'CCE-2-rescue'
    ; warning
    @(20050 mils, 16650 mils): Symbol 4C_P11 [74LS10]
[lib_symbol_issues]: The current configuration does not include the symbol library 'CCE-2-rescue'
    ; warning
    @(20050 mils, 18500 mils): Symbol 4C_P11 [74LS10]
[lib_symbol_issues]: The current configuration does not include the symbol library 'CCE-2-rescue'
    ; warning
    @(20050 mils, 19350 mils): Symbol 5C_P11 [7400]
[lib_symbol_issues]: The current configuration does not include the symbol library 'CCE-2-rescue'
    ; warning
    @(21400 mils, 4800 mils): Symbol 3C_P11 [7400]
[lib_symbol_issues]: The current configuration does not include the symbol library 'CCE-2-rescue'
    ; warning
    @(22450 mils, 15700 mils): Symbol 5C_P11 [7400]
[lib_symbol_issues]: The current configuration does not include the symbol library 'CCE-2-rescue'
    ; warning
    @(22450 mils, 16550 mils): Symbol 5C_P11 [7400]
[lib_symbol_issues]: The current configuration does not include the symbol library 'CCE-2-rescue'
    ; warning
    @(22600 mils, 13600 mils): Symbol 3E_P11 [74LS04]
[lib_symbol_issues]: The current configuration does not include the symbol library 'CCE-2-rescue'
    ; warning
    @(22700 mils, 4900 mils): Symbol 1D_P11 [7402]
[lib_symbol_issues]: The current configuration does not include the symbol library 'CCE-2-rescue'
    ; warning
    @(24250 mils, 15800 mils): Symbol 5C_P11 [7400]
[lib_symbol_issues]: The current configuration does not include the symbol library 'CCE-2-rescue'
    ; warning
    @(24250 mils, 16650 mils): Symbol 4C_P11 [74LS10]
[lib_symbol_issues]: The current configuration does not include the symbol library 'CCE-2-rescue'
    ; warning
    @(26650 mils, 3350 mils): Symbol 1D_P11 [7402]
[lib_symbol_issues]: The current configuration does not include the symbol library 'CCE-2-rescue'
    ; warning
    @(26650 mils, 6100 mils): Symbol 2E_P11 [7400]
[lib_symbol_issues]: The current configuration does not include the symbol library 'CCE-2-rescue'
    ; warning
    @(26800 mils, 4650 mils): Symbol 3E_P11 [74LS04]
[lib_symbol_issues]: The current configuration does not include the symbol library 'CCE-2-rescue'
    ; warning
    @(26800 mils, 7400 mils): Symbol 3E_P11 [74LS04]
[lib_symbol_issues]: The current configuration does not include the symbol library 'CCE-2-rescue'
    ; warning
    @(26800 mils, 8700 mils): Symbol 3E_P11 [74LS04]
[lib_symbol_issues]: The current configuration does not include the symbol library 'CCE-2-rescue'
    ; warning
    @(26800 mils, 17850 mils): Symbol 1D_P11 [7402]
[lib_symbol_issues]: The current configuration does not include the symbol library 'CCE-2-rescue'
    ; warning
    @(27100 mils, 16500 mils): Symbol 5B_P11 [74LS20]
[lib_symbol_issues]: The current configuration does not include the symbol library 'CCE-2-rescue'
    ; warning
    @(28350 mils, 3550 mils): Symbol 2D_P11 [74HC74]
[lib_symbol_issues]: The current configuration does not include the symbol library 'CCE-2-rescue'
    ; warning
    @(28350 mils, 4850 mils): Symbol 2D_P11 [74HC74]
[lib_symbol_issues]: The current configuration does not include the symbol library 'CCE-2-rescue'
    ; warning
    @(28350 mils, 6300 mils): Symbol 3D_P11 [74HC74]
[lib_symbol_issues]: The current configuration does not include the symbol library 'CCE-2-rescue'
    ; warning
    @(28350 mils, 7600 mils): Symbol 3D_P11 [74HC74]
[lib_symbol_issues]: The current configuration does not include the symbol library 'CCE-2-rescue'
    ; warning
    @(28350 mils, 8900 mils): Symbol 4D_P11 [74HC74]
[lib_symbol_issues]: The current configuration does not include the symbol library 'CCE-2-rescue'
    ; warning
    @(28600 mils, 16500 mils): Symbol 1B_P11 [74LS04]
[lib_symbol_issues]: The current configuration does not include the symbol library 'CCE-2-rescue'
    ; warning
    @(30200 mils, 3400 mils): Symbol 5D_P11 [74LS20]
[lib_symbol_issues]: The current configuration does not include the symbol library 'CCE-2-rescue'
    ; warning
    @(30200 mils, 4600 mils): Symbol 5D_P11 [74LS20]
[lib_symbol_issues]: The current configuration does not include the symbol library 'CCE-2-rescue'
    ; warning
    @(30200 mils, 6150 mils): Symbol 2C_P11 [74LS20]
[lib_symbol_issues]: The current configuration does not include the symbol library 'CCE-2-rescue'
    ; warning
    @(30200 mils, 7350 mils): Symbol 2C_P11 [74LS20]
[lib_symbol_issues]: The current configuration does not include the symbol library 'CCE-2-rescue'
    ; warning
    @(30200 mils, 8750 mils): Symbol 5B_P11 [74LS20]
[lib_symbol_issues]: The current configuration does not include the symbol library 'CCE-2-rescue'
    ; warning
    @(30400 mils, 16400 mils): Symbol 1C_P11 [7400]
[lib_symbol_issues]: The current configuration does not include the symbol library 'CT1-4-rescue'
    ; warning
    @(2200 mils, 5400 mils): Symbol 2A_P12 [7400]
[lib_symbol_issues]: The current configuration does not include the symbol library 'CT1-4-rescue'
    ; warning
    @(2200 mils, 6300 mils): Symbol 2A_P12 [7400]
[lib_symbol_issues]: The current configuration does not include the symbol library 'CT1-4-rescue'
    ; warning
    @(2300 mils, 10550 mils): Symbol 4C_P12 [7400]
[lib_symbol_issues]: The current configuration does not include the symbol library 'CT1-4-rescue'
    ; warning
    @(2750 mils, 3000 mils): Symbol CONECTOR_P12 [CONN_35X2]
[lib_symbol_issues]: The current configuration does not include the symbol library 'CT1-4-rescue'
    ; warning
    @(3350 mils, 7650 mils): Symbol 2A_P12 [7400]
[lib_symbol_issues]: The current configuration does not include the symbol library 'CT1-4-rescue'
    ; warning
    @(3700 mils, 6150 mils): Symbol 3A_P12 [74LS10]
[lib_symbol_issues]: The current configuration does not include the symbol library 'CT1-4-rescue'
    ; warning
    @(3700 mils, 6750 mils): Symbol 2A_P12 [7400]
[lib_symbol_issues]: The current configuration does not include the symbol library 'CT1-4-rescue'
    ; warning
    @(3750 mils, 10800 mils): Symbol 4C_P12 [7400]
[lib_symbol_issues]: The current configuration does not include the symbol library 'CT1-4-rescue'
    ; warning
    @(4800 mils, 7550 mils): Symbol 3D_P12 [7400]
[lib_symbol_issues]: The current configuration does not include the symbol library 'CT1-4-rescue'
    ; warning
    @(5500 mils, 11200 mils): Symbol 2B_P12 [7402]
[lib_symbol_issues]: The current configuration does not include the symbol library 'CT1-4-rescue'
    ; warning
    @(5800 mils, 6150 mils): Symbol 3A_P12 [74LS10]
[lib_symbol_issues]: The current configuration does not include the symbol library 'CT1-4-rescue'
    ; warning
    @(5850 mils, 10450 mils): Symbol 2B_P12 [7402]
[lib_symbol_issues]: The current configuration does not include the symbol library 'CT1-4-rescue'
    ; warning
    @(7000 mils, 12000 mils): Symbol 2D_P12 [7460]
[lib_symbol_issues]: The current configuration does not include the symbol library 'CT1-4-rescue'
    ; warning
    @(7000 mils, 12900 mils): Symbol 2D_P12 [7460]
[lib_symbol_issues]: The current configuration does not include the symbol library 'CT1-4-rescue'
    ; warning
    @(7000 mils, 13800 mils): Symbol 2E_P12 [7460]
[lib_symbol_issues]: The current configuration does not include the symbol library 'CT1-4-rescue'
    ; warning
    @(7000 mils, 14700 mils): Symbol 2E_P12 [7460]
[endpoint_off_grid]: Symbol pin or wire end off connection grid
    ; warning
    @(7250 mils, 6130 mils): Symbol 3C_P12 Hidden pin 14 [VCC, Power input, Line]
[lib_symbol_issues]: The current configuration does not include the symbol library 'CT1-4-rescue'
    ; warning
    @(7350 mils, 6500 mils): Symbol 3C_P12 [74LS54]
[endpoint_off_grid]: Symbol pin or wire end off connection grid
    ; warning
    @(7650 mils, 10330 mils): Symbol 2C_P12 Hidden pin 14 [VCC, Power input, Line]
[lib_symbol_issues]: The current configuration does not include the symbol library 'CT1-4-rescue'
    ; warning
    @(7750 mils, 10700 mils): Symbol 2C_P12 [7453]
[lib_symbol_issues]: The current configuration does not include the symbol library 'CT1-4-rescue'
    ; warning
    @(8400 mils, 6500 mils): Symbol 3B_P12 [74LS04]
[lib_symbol_issues]: The current configuration does not include the symbol library 'CT1-4-rescue'
    ; warning
    @(9550 mils, 10700 mils): Symbol 3E_P12 [74LS13]
[lib_symbol_issues]: The current configuration does not include the symbol library 'CT1-4-rescue'
    ; warning
    @(11350 mils, 1900 mils): Symbol 2B_P12 [7402]
[lib_symbol_issues]: The current configuration does not include the symbol library 'CT1-4-rescue'
    ; warning
    @(12550 mils, 1900 mils): Symbol 1A_P12 [74LS04]
[lib_symbol_issues]: The current configuration does not include the symbol library 'CT1-4-rescue'
    ; warning
    @(12900 mils, 5850 mils): Symbol 1C_P12 [74LS10]
[lib_symbol_issues]: The current configuration does not include the symbol library 'CT1-4-rescue'
    ; warning
    @(12900 mils, 6900 mils): Symbol 5A_P12 [7400]
[lib_symbol_issues]: The current configuration does not include the symbol library 'CT1-4-rescue'
    ; warning
    @(12900 mils, 7750 mils): Symbol 5A_P12 [7400]
[lib_symbol_issues]: The current configuration does not include the symbol library 'CT1-4-rescue'
    ; warning
    @(12900 mils, 8400 mils): Symbol 4E_P12 [74LS10]
[lib_symbol_issues]: The current configuration does not include the symbol library 'CT1-4-rescue'
    ; warning
    @(12900 mils, 9000 mils): Symbol 4A_P12 [74LS04]
[lib_symbol_issues]: The current configuration does not include the symbol library 'CT1-4-rescue'
    ; warning
    @(13300 mils, 13400 mils): Symbol 3A_P12 [74LS10]
[unconnected_wire_endpoint]: Unconnected wire endpoint
    ; warning
    @(13450 mils, 5850 mils): Horizontal Wire, length 50 mils
[lib_symbol_issues]: The current configuration does not include the symbol library 'CT1-4-rescue'
    ; warning
    @(13450 mils, 14150 mils): Symbol 4B_P12 [7400]
[lib_symbol_issues]: The current configuration does not include the symbol library 'CT1-4-rescue'
    ; warning
    @(13450 mils, 14800 mils): Symbol 2B_P12 [7402]
[lib_symbol_issues]: The current configuration does not include the symbol library 'CT1-4-rescue'
    ; warning
    @(13800 mils, 1350 mils): Symbol 1B_P12 [7400]
[lib_symbol_issues]: The current configuration does not include the symbol library 'CT1-4-rescue'
    ; warning
    @(13800 mils, 2000 mils): Symbol 1B_P12 [7400]
[lib_symbol_issues]: The current configuration does not include the symbol library 'CT1-4-rescue'
    ; warning
    @(13800 mils, 2800 mils): Symbol 1B_P12 [7400]
[lib_symbol_issues]: The current configuration does not include the symbol library 'CT1-4-rescue'
    ; warning
    @(13800 mils, 3400 mils): Symbol 1B_P12 [7400]
[lib_symbol_issues]: The current configuration does not include the symbol library 'CT1-4-rescue'
    ; warning
    @(14150 mils, 5850 mils): Symbol 1E_P12 [74LS04]
[lib_symbol_issues]: The current configuration does not include the symbol library 'CT1-4-rescue'
    ; warning
    @(14250 mils, 4350 mils): Symbol 5B_P12 [7402]
[lib_symbol_issues]: The current configuration does not include the symbol library 'CT1-4-rescue'
    ; warning
    @(14550 mils, 11300 mils): Symbol 5B_P12 [7402]
[lib_symbol_issues]: The current configuration does not include the symbol library 'CT1-4-rescue'
    ; warning
    @(14550 mils, 13400 mils): Symbol 3B_P12 [74LS04]
[endpoint_off_grid]: Symbol pin or wire end off connection grid
    ; warning
    @(14850 mils, 14780 mils): Symbol _2C_P12 Hidden pin 14 [VCC, Power input, Line]
[lib_symbol_issues]: The current configuration does not include the symbol library 'CT1-4-rescue'
    ; warning
    @(14950 mils, 14950 mils): Symbol _2C_P12 [74LS51]
[lib_symbol_issues]: The current configuration does not include the symbol library 'CT1-4-rescue'
    ; warning
    @(15350 mils, 7750 mils): Symbol 1A_P12 [74LS04]
[lib_symbol_issues]: The current configuration does not include the symbol library 'CT1-4-rescue'
    ; warning
    @(15350 mils, 8400 mils): Symbol 1A_P12 [74LS04]
[lib_symbol_issues]: The current configuration does not include the symbol library 'CT1-4-rescue'
    ; warning
    @(15350 mils, 9000 mils): Symbol 1A_P12 [74LS04]
[lib_symbol_issues]: The current configuration does not include the symbol library 'CT1-4-rescue'
    ; warning
    @(15350 mils, 9650 mils): Symbol 1A_P12 [74LS04]
[lib_symbol_issues]: The current configuration does not include the symbol library 'CT1-4-rescue'
    ; warning
    @(15350 mils, 14150 mils): Symbol 5A_P12 [7400]
[lib_symbol_issues]: The current configuration does not include the symbol library 'CT1-4-rescue'
    ; warning
    @(15800 mils, 4250 mils): Symbol 5C_P12 [7400]
[lib_symbol_issues]: The current configuration does not include the symbol library 'CT1-4-rescue'
    ; warning
    @(16050 mils, 14950 mils): Symbol 1E_P12 [74LS04]
[lib_symbol_issues]: The current configuration does not include the symbol library 'CT1-4-rescue'
    ; warning
    @(16150 mils, 11400 mils): Symbol 1D_P12 [7400]
[lib_symbol_issues]: The current configuration does not include the symbol library 'CT1-4-rescue'
    ; warning
    @(16300 mils, 5200 mils): Symbol 4A_P12 [74LS04]
[lib_symbol_issues]: The current configuration does not include the symbol library 'CT1-4-rescue'
    ; warning
    @(16350 mils, 2300 mils): Symbol 1C_P12 [74LS10]
[unconnected_wire_endpoint]: Unconnected wire endpoint
    ; warning
    @(17100 mils, 6700 mils): Horizontal Wire, length 100 mils
[lib_symbol_issues]: The current configuration does not include the symbol library 'CT1-4-rescue'
    ; warning
    @(17550 mils, 2300 mils): Symbol 1A_P12 [74LS04]
[lib_symbol_issues]: The current configuration does not include the symbol library 'CT1-4-rescue'
    ; warning
    @(17600 mils, 4350 mils): Symbol 5C_P12 [7400]
[lib_symbol_issues]: The current configuration does not include the symbol library 'CT1-4-rescue'
    ; warning
    @(17600 mils, 5100 mils): Symbol 5C_P12 [7400]
[lib_symbol_issues]: The current configuration does not include the symbol library 'CT1-4-rescue'
    ; warning
    @(17600 mils, 5850 mils): Symbol 3D_P12 [7400]
[lib_symbol_issues]: The current configuration does not include the symbol library 'CT1-4-rescue'
    ; warning
    @(17600 mils, 6600 mils): Symbol 3D_P12 [7400]
[lib_symbol_issues]: The current configuration does not include the symbol library 'CT1-4-rescue'
    ; warning
    @(17600 mils, 11400 mils): Symbol 1C_P12 [74LS10]
[lib_symbol_issues]: The current configuration does not include the symbol library 'CT1-4-rescue'
    ; warning
    @(17800 mils, 7750 mils): Symbol 3B_P12 [74LS04]
[lib_symbol_issues]: The current configuration does not include the symbol library 'CT1-4-rescue'
    ; warning
    @(17800 mils, 8400 mils): Symbol 3B_P12 [74LS04]
[lib_symbol_issues]: The current configuration does not include the symbol library 'CT1-4-rescue'
    ; warning
    @(17800 mils, 9000 mils): Symbol 3B_P12 [74LS04]
[lib_symbol_issues]: The current configuration does not include the symbol library 'CT1-4-rescue'
    ; warning
    @(18750 mils, 2400 mils): Symbol 1D_P12 [7400]
[lib_symbol_issues]: The current configuration does not include the symbol library 'CT1-4-rescue'
    ; warning
    @(19450 mils, 10550 mils): Symbol 5A_P12 [7400]
[lib_symbol_issues]: The current configuration does not include the symbol library 'CT1-4-rescue'
    ; warning
    @(19450 mils, 11300 mils): Symbol 1D_P12 [7400]
[lib_symbol_issues]: The current configuration does not include the symbol library 'CT1-4-rescue'
    ; warning
    @(19550 mils, 4350 mils): Symbol 5D_P12 [74LS13]
[lib_symbol_issues]: The current configuration does not include the symbol library 'CT1-4-rescue'
    ; warning
    @(19550 mils, 5100 mils): Symbol 5D_P12 [74LS13]
[lib_symbol_issues]: The current configuration does not include the symbol library 'CT1-4-rescue'
    ; warning
    @(19550 mils, 5850 mils): Symbol 3E_P12 [74LS13]
[lib_symbol_issues]: The current configuration does not include the symbol library 'CT1-4-rescue'
    ; warning
    @(20100 mils, 2300 mils): Symbol 1D_P12 [7400]
[lib_symbol_issues]: The current configuration does not include the symbol library 'CT1-4-rescue'
    ; warning
    @(20250 mils, 7750 mils): Symbol 4A_P12 [74LS04]
[lib_symbol_issues]: The current configuration does not include the symbol library 'CT1-4-rescue'
    ; warning
    @(20250 mils, 8400 mils): Symbol 4A_P12 [74LS04]
[lib_symbol_issues]: The current configuration does not include the symbol library 'CT1-4-rescue'
    ; warning
    @(20250 mils, 9000 mils): Symbol 4A_P12 [74LS04]
[lib_symbol_issues]: The current configuration does not include the symbol library 'CT1-4-rescue'
    ; warning
    @(20250 mils, 9550 mils): Symbol 4A_P12 [74LS04]
[lib_symbol_issues]: The current configuration does not include the symbol library 'CT1-4-rescue'
    ; warning
    @(20700 mils, 10550 mils): Symbol 1E_P12 [74LS04]
[lib_symbol_issues]: The current configuration does not include the symbol library 'CT1-4-rescue'
    ; warning
    @(20700 mils, 11300 mils): Symbol 1E_P12 [74LS04]
[lib_symbol_issues]: The current configuration does not include the symbol library 'CT1-4-rescue'
    ; warning
    @(21350 mils, 2300 mils): Symbol 1E_P12 [74LS04]
[lib_symbol_issues]: The current configuration does not include the symbol library 'CT2-5-rescue'
    ; warning
    @(3200 mils, 3200 mils): Symbol CONECTOR_P13 [CONN_35X2]
[lib_symbol_issues]: The current configuration does not include the symbol library 'CT2-5-rescue'
    ; warning
    @(7750 mils, 1600 mils): Symbol 1A_P13 [74HC04]
[lib_symbol_issues]: The current configuration does not include the symbol library 'CT2-5-rescue'
    ; warning
    @(7750 mils, 2000 mils): Symbol 1A_P13 [74HC04]
[lib_symbol_issues]: The current configuration does not include the symbol library 'CT2-5-rescue'
    ; warning
    @(7750 mils, 2400 mils): Symbol 1A_P13 [74HC04]
[lib_symbol_issues]: The current configuration does not include the symbol library 'CT2-5-rescue'
    ; warning
    @(7750 mils, 2800 mils): Symbol 1A_P13 [74HC04]
[lib_symbol_issues]: The current configuration does not include the symbol library 'CT2-5-rescue'
    ; warning
    @(7750 mils, 3200 mils): Symbol 1A_P13 [74HC04]
[lib_symbol_issues]: The current configuration does not include the symbol library 'CT2-5-rescue'
    ; warning
    @(7750 mils, 3600 mils): Symbol 1A_P13 [74HC04]
[lib_symbol_issues]: The current configuration does not include the symbol library 'CT2-5-rescue'
    ; warning
    @(8000 mils, 4650 mils): Symbol 2A_P13 [74HC04]
[lib_symbol_issues]: The current configuration does not include the symbol library 'CT2-5-rescue'
    ; warning
    @(8300 mils, 10050 mils): Symbol 2A_P13 [74HC04]
[lib_symbol_issues]: The current configuration does not include the symbol library 'CT2-5-rescue'
    ; warning
    @(8400 mils, 7650 mils): Symbol 1D_P13 [74LS10]
[lib_symbol_issues]: The current configuration does not include the symbol library 'CT2-5-rescue'
    ; warning
    @(8450 mils, 11200 mils): Symbol 3D_P13 [7402]
[lib_symbol_issues]: The current configuration does not include the symbol library 'CT2-5-rescue'
    ; warning
    @(8600 mils, 12650 mils): Symbol 2A_P13 [74HC04]
[lib_symbol_issues]: The current configuration does not include the symbol library 'CT2-5-rescue'
    ; warning
    @(8600 mils, 15800 mils): Symbol 2A_P13 [74HC04]
[lib_symbol_issues]: The current configuration does not include the symbol library 'CT2-5-rescue'
    ; warning
    @(8650 mils, 8900 mils): Symbol 3D_P13 [7402]
[lib_symbol_issues]: The current configuration does not include the symbol library 'CT2-5-rescue'
    ; warning
    @(8700 mils, 14350 mils): Symbol 3D_P13 [7402]
[lib_symbol_issues]: The current configuration does not include the symbol library 'CT2-5-rescue'
    ; warning
    @(8700 mils, 15200 mils): Symbol 4E_P13 [7400]
[lib_symbol_issues]: The current configuration does not include the symbol library 'CT2-5-rescue'
    ; warning
    @(8850 mils, 13250 mils): Symbol 3B_P13 [7400]
[lib_symbol_issues]: The current configuration does not include the symbol library 'CT2-5-rescue'
    ; warning
    @(8900 mils, 1800 mils): Symbol 1C_P13 [7400]
[lib_symbol_issues]: The current configuration does not include the symbol library 'CT2-5-rescue'
    ; warning
    @(8900 mils, 3400 mils): Symbol 1C_P13 [7400]
[lib_symbol_issues]: The current configuration does not include the symbol library 'CT2-5-rescue'
    ; warning
    @(9300 mils, 5650 mils): Symbol 2A_P13 [74HC04]
[lib_symbol_issues]: The current configuration does not include the symbol library 'CT2-5-rescue'
    ; warning
    @(9300 mils, 6050 mils): Symbol 2B_P13 [74HC04]
[lib_symbol_issues]: The current configuration does not include the symbol library 'CT2-5-rescue'
    ; warning
    @(9650 mils, 7650 mils): Symbol 4A_P13 [74HC04]
[lib_symbol_issues]: The current configuration does not include the symbol library 'CT2-5-rescue'
    ; warning
    @(9850 mils, 15650 mils): Symbol 4E_P13 [7400]
[lib_symbol_issues]: The current configuration does not include the symbol library 'CT2-5-rescue'
    ; warning
    @(9900 mils, 10400 mils): Symbol 1B_P13 [7400]
[lib_symbol_issues]: The current configuration does not include the symbol library 'CT2-5-rescue'
    ; warning
    @(9900 mils, 10900 mils): Symbol 1B_P13 [7400]
[lib_symbol_issues]: The current configuration does not include the symbol library 'CT2-5-rescue'
    ; warning
    @(10000 mils, 12550 mils): Symbol 5A_P13 [7400]
[lib_symbol_issues]: The current configuration does not include the symbol library 'CT2-5-rescue'
    ; warning
    @(10200 mils, 2100 mils): Symbol 1C_P13 [7400]
[lib_symbol_issues]: The current configuration does not include the symbol library 'CT2-5-rescue'
    ; warning
    @(10200 mils, 3100 mils): Symbol 1C_P13 [7400]
[lib_symbol_issues]: The current configuration does not include the symbol library 'CT2-5-rescue'
    ; warning
    @(10250 mils, 3950 mils): Symbol 1F_P13 [7402]
[lib_symbol_issues]: The current configuration does not include the symbol library 'CT2-5-rescue'
    ; warning
    @(10250 mils, 4450 mils): Symbol 2A_P13 [74HC04]
[lib_symbol_issues]: The current configuration does not include the symbol library 'CT2-5-rescue'
    ; warning
    @(10900 mils, 9000 mils): Symbol 1B_P13 [7400]
[lib_symbol_issues]: The current configuration does not include the symbol library 'CT2-5-rescue'
    ; warning
    @(10950 mils, 15000 mils): Symbol 4E_P13 [7400]
[lib_symbol_issues]: The current configuration does not include the symbol library 'CT2-5-rescue'
    ; warning
    @(11500 mils, 3850 mils): Symbol 2C_P13 [7400]
[lib_symbol_issues]: The current configuration does not include the symbol library 'CT2-5-rescue'
    ; warning
    @(11700 mils, 13750 mils): Symbol 4D_P13 [74LS13]
[lib_symbol_issues]: The current configuration does not include the symbol library 'CT2-5-rescue'
    ; warning
    @(11750 mils, 7550 mils): Symbol 3D_P13 [7402]
[lib_symbol_issues]: The current configuration does not include the symbol library 'CT2-5-rescue'
    ; warning
    @(12150 mils, 10550 mils): Symbol 1D_P13 [74LS10]
[lib_symbol_issues]: The current configuration does not include the symbol library 'CT2-5-rescue'
    ; warning
    @(12150 mils, 11150 mils): Symbol 3A_P13 [74LS10]
[lib_symbol_issues]: The current configuration does not include the symbol library 'CT2-5-rescue'
    ; warning
    @(12300 mils, 5950 mils): Symbol 2C_P13 [7400]
[lib_symbol_issues]: The current configuration does not include the symbol library 'CT2-5-rescue'
    ; warning
    @(12500 mils, 9000 mils): Symbol 2B_P13 [74HC04]
[lib_symbol_issues]: The current configuration does not include the symbol library 'CT2-5-rescue'
    ; warning
    @(12500 mils, 15100 mils): Symbol 4E_P13 [7400]
[lib_symbol_issues]: The current configuration does not include the symbol library 'CT2-5-rescue'
    ; warning
    @(12800 mils, 3400 mils): Symbol 2C_P13 [7400]
[lib_symbol_issues]: The current configuration does not include the symbol library 'CT2-5-rescue'
    ; warning
    @(12850 mils, 4550 mils): Symbol 2C_P13 [7400]
[lib_symbol_issues]: The current configuration does not include the symbol library 'CT2-5-rescue'
    ; warning
    @(13150 mils, 13850 mils): Symbol 1E_P13 [7400]
[lib_symbol_issues]: The current configuration does not include the symbol library 'CT2-5-rescue'
    ; warning
    @(13350 mils, 11150 mils): Symbol 2B_P13 [74HC04]
[lib_symbol_issues]: The current configuration does not include the symbol library 'CT2-5-rescue'
    ; warning
    @(14050 mils, 7150 mils): Symbol 3B_P13 [7400]
[lib_symbol_issues]: The current configuration does not include the symbol library 'CT2-5-rescue'
    ; warning
    @(14250 mils, 2650 mils): Symbol 1D_P13 [74LS10]
[lib_symbol_issues]: The current configuration does not include the symbol library 'CT2-5-rescue'
    ; warning
    @(14600 mils, 5550 mils): Symbol 3B_P13 [7400]
[lib_symbol_issues]: The current configuration does not include the symbol library 'CT2-5-rescue'
    ; warning
    @(14850 mils, 13750 mils): Symbol 1E_P13 [7400]
[endpoint_off_grid]: Symbol pin or wire end off connection grid
    ; warning
    @(15100 mils, 10530 mils): Symbol 2D_P13 Hidden pin 14 [VCC, Power input, Line]
[lib_symbol_issues]: The current configuration does not include the symbol library 'CT2-5-rescue'
    ; warning
    @(15200 mils, 10700 mils): Symbol 2D_P13 [74LS51]
[lib_symbol_issues]: The current configuration does not include the symbol library 'CT2-5-rescue'
    ; warning
    @(15350 mils, 2650 mils): Symbol 2B_P13 [74HC04]
[unconnected_wire_endpoint]: Unconnected wire endpoint
    ; warning
    @(15900 mils, 15300 mils): Vertical Wire, length 100 mils
[lib_symbol_issues]: The current configuration does not include the symbol library 'CT2-5-rescue'
    ; warning
    @(16400 mils, 10700 mils): Symbol 2B_P13 [74HC04]
[endpoint_off_grid]: Symbol pin or wire end off connection grid
    ; warning
    @(16400 mils, 14580 mils): Symbol 3C_P13 Hidden pin 14 [VCC, Power input, Line]
[lib_symbol_issues]: The current configuration does not include the symbol library 'CT2-5-rescue'
    ; warning
    @(16500 mils, 14950 mils): Symbol 3C_P13 [74LS54]
[lib_symbol_issues]: The current configuration does not include the symbol library 'CT2-5-rescue'
    ; warning
    @(17500 mils, 14950 mils): Symbol 4A_P13 [74HC04]
[lib_symbol_issues]: The current configuration does not include the symbol library 'CT2-5-rescue'
    ; warning
    @(17650 mils, 2000 mils): Symbol 4A_P13 [74HC04]
[lib_symbol_issues]: The current configuration does not include the symbol library 'CT2-5-rescue'
    ; warning
    @(17850 mils, 6450 mils): Symbol 5B_P13 [7402]
[lib_symbol_issues]: The current configuration does not include the symbol library 'CT2-5-rescue'
    ; warning
    @(18800 mils, 4650 mils): Symbol 4A_P13 [74HC04]
[lib_symbol_issues]: The current configuration does not include the symbol library 'CT2-5-rescue'
    ; warning
    @(18900 mils, 2350 mils): Symbol 3E_P13 [7402]
[lib_symbol_issues]: The current configuration does not include the symbol library 'CT2-5-rescue'
    ; warning
    @(18900 mils, 2850 mils): Symbol 3A_P13 [74LS10]
[lib_symbol_issues]: The current configuration does not include the symbol library 'CT2-5-rescue'
    ; warning
    @(18900 mils, 3350 mils): Symbol 2E_P13 [74LS10]
[lib_symbol_issues]: The current configuration does not include the symbol library 'CT2-5-rescue'
    ; warning
    @(18900 mils, 3850 mils): Symbol 2E_P13 [74LS10]
[lib_symbol_issues]: The current configuration does not include the symbol library 'CT2-5-rescue'
    ; warning
    @(19250 mils, 6200 mils): Symbol 5B_P13 [7402]
[lib_symbol_issues]: The current configuration does not include the symbol library 'CT2-5-rescue'
    ; warning
    @(20150 mils, 2850 mils): Symbol 3F_P13 [74HC04]
[lib_symbol_issues]: The current configuration does not include the symbol library 'CT2-5-rescue'
    ; warning
    @(20300 mils, 4300 mils): Symbol 1F_P13 [7402]
[lib_symbol_issues]: The current configuration does not include the symbol library 'CT2-5-rescue'
    ; warning
    @(20350 mils, 5200 mils): Symbol 5A_P13 [7400]
[lib_symbol_issues]: The current configuration does not include the symbol library 'CT2-5-rescue'
    ; warning
    @(20650 mils, 5850 mils): Symbol 5A_P13 [7400]
[lib_symbol_issues]: The current configuration does not include the symbol library 'CT2-5-rescue'
    ; warning
    @(20800 mils, 8500 mils): Symbol 5B_P13 [7402]
[lib_symbol_issues]: The current configuration does not include the symbol library 'CT2-5-rescue'
    ; warning
    @(20800 mils, 9050 mils): Symbol 1F_P13 [7402]
[lib_symbol_issues]: The current configuration does not include the symbol library 'CT2-5-rescue'
    ; warning
    @(20800 mils, 9600 mils): Symbol 5C_P13 [7400]
[lib_symbol_issues]: The current configuration does not include the symbol library 'CT2-5-rescue'
    ; warning
    @(20900 mils, 12200 mils): Symbol 5A_P13 [7400]
[lib_symbol_issues]: The current configuration does not include the symbol library 'CT2-5-rescue'
    ; warning
    @(20950 mils, 10800 mils): Symbol 5C_P13 [7400]
[lib_symbol_issues]: The current configuration does not include the symbol library 'CT2-5-rescue'
    ; warning
    @(21450 mils, 1800 mils): Symbol 3F_P13 [74HC04]
[lib_symbol_issues]: The current configuration does not include the symbol library 'CT2-5-rescue'
    ; warning
    @(21450 mils, 2600 mils): Symbol 3E_P13 [7402]
[lib_symbol_issues]: The current configuration does not include the symbol library 'CT2-5-rescue'
    ; warning
    @(21700 mils, 13250 mils): Symbol 1E_P13 [7400]
[lib_symbol_issues]: The current configuration does not include the symbol library 'CT2-5-rescue'
    ; warning
    @(22100 mils, 4200 mils): Symbol 3E_P13 [7402]
[lib_symbol_issues]: The current configuration does not include the symbol library 'CT2-5-rescue'
    ; warning
    @(22100 mils, 4900 mils): Symbol 2F_P13 [74LS13]
[lib_symbol_issues]: The current configuration does not include the symbol library 'CT2-5-rescue'
    ; warning
    @(22100 mils, 11050 mils): Symbol 4A_P13 [74HC04]
[lib_symbol_issues]: The current configuration does not include the symbol library 'CT2-5-rescue'
    ; warning
    @(22150 mils, 14350 mils): Symbol 3A_P13 [74LS10]
[lib_symbol_issues]: The current configuration does not include the symbol library 'CT2-5-rescue'
    ; warning
    @(22800 mils, 7750 mils): Symbol 5B_P13 [7402]
[lib_symbol_issues]: The current configuration does not include the symbol library 'CT2-5-rescue'
    ; warning
    @(22850 mils, 8650 mils): Symbol 2F_P13 [74LS13]
[lib_symbol_issues]: The current configuration does not include the symbol library 'CT2-5-rescue'
    ; warning
    @(23000 mils, 2000 mils): Symbol 3F_P13 [74HC04]
[lib_symbol_issues]: The current configuration does not include the symbol library 'CT2-5-rescue'
    ; warning
    @(23000 mils, 2900 mils): Symbol 2E_P13 [74LS10]
[lib_symbol_issues]: The current configuration does not include the symbol library 'CT2-5-rescue'
    ; warning
    @(23150 mils, 13350 mils): Symbol 1F_P13 [7402]
[lib_symbol_issues]: The current configuration does not include the symbol library 'CT2-5-rescue'
    ; warning
    @(23250 mils, 11150 mils): Symbol 5C_P13 [7400]
[lib_symbol_issues]: The current configuration does not include the symbol library 'CT2-5-rescue'
    ; warning
    @(23350 mils, 14350 mils): Symbol 2B_P13 [74HC04]
[lib_symbol_issues]: The current configuration does not include the symbol library 'CT2-5-rescue'
    ; warning
    @(23500 mils, 4200 mils): Symbol 3F_P13 [74HC04]
[lib_symbol_issues]: The current configuration does not include the symbol library 'CT2-5-rescue'
    ; warning
    @(23500 mils, 4900 mils): Symbol 3F_P13 [74HC04]
[lib_symbol_issues]: The current configuration does not include the symbol library 'CT2-5-rescue'
    ; warning
    @(23500 mils, 12150 mils): Symbol 3F_P13 [74HC04]
[lib_symbol_issues]: The current configuration does not include the symbol library 'CT2-5-rescue'
    ; warning
    @(24350 mils, 3400 mils): Symbol 3B_P13 [7400]
[lib_symbol_issues]: The current configuration does not include the symbol library 'CT2-5-rescue'
    ; warning
    @(24500 mils, 1900 mils): Symbol 3E_P13 [7402]
[lib_symbol_issues]: The current configuration does not include the symbol library 'CT2-5-rescue'
    ; warning
    @(24650 mils, 12250 mils): Symbol 5C_P13 [7400]
[lib_symbol_issues]: The current configuration does not include the symbol library 'CT2-5-rescue'
    ; warning
    @(25150 mils, 4500 mils): Symbol 4D_P13 [74LS13]
[endpoint_off_grid]: Symbol pin or wire end off connection grid
    ; warning
    @(25400 mils, 7930 mils): Symbol 5D_P13 Hidden pin 14 [VCC, Power input, Line]
[endpoint_off_grid]: Symbol pin or wire end off connection grid
    ; warning
    @(25400 mils, 9130 mils): Symbol 5E_P13 Hidden pin 14 [VCC, Power input, Line]
[lib_symbol_issues]: The current configuration does not include the symbol library 'CT2-5-rescue'
    ; warning
    @(25500 mils, 8300 mils): Symbol 5D_P13 [74LS54]
[lib_symbol_issues]: The current configuration does not include the symbol library 'CT2-5-rescue'
    ; warning
    @(25500 mils, 9500 mils): Symbol 5E_P13 [74LS54]
[endpoint_off_grid]: Symbol pin or wire end off connection grid
    ; warning
    @(27550 mils, 1680 mils): Symbol 4B_P13 Hidden pin 14 [VCC, Power input, Line]
[endpoint_off_grid]: Symbol pin or wire end off connection grid
    ; warning
    @(27550 mils, 3880 mils): Symbol 4C_P13 Hidden pin 14 [VCC, Power input, Line]
[lib_symbol_issues]: The current configuration does not include the symbol library 'CT2-5-rescue'
    ; warning
    @(27650 mils, 2050 mils): Symbol 4B_P13 [74LS54]
[lib_symbol_issues]: The current configuration does not include the symbol library 'CT2-5-rescue'
    ; warning
    @(27650 mils, 4250 mils): Symbol 4C_P13 [74LS54]
[lib_symbol_issues]: The current configuration does not include the symbol library 'CT3-6-rescue'
    ; warning
    @(4950 mils, 6850 mils): Symbol CONECTOR_P14 [CONN_35X2]
[lib_symbol_issues]: The current configuration does not include the symbol library 'CT3-6-rescue'
    ; warning
    @(8950 mils, 17250 mils): Symbol #PWR05 [VCC-power]
[lib_symbol_issues]: The current configuration does not include the symbol library 'CT3-6-rescue'
    ; warning
    @(9550 mils, 14550 mils): Symbol #PWR04 [VCC-power]
[lib_symbol_issues]: The current configuration does not include the symbol library 'CT3-6-rescue'
    ; warning
    @(9550 mils, 19250 mils): Symbol #PWR03 [VCC-power]
[lib_symbol_issues]: The current configuration does not include the symbol library 'CT3-6-rescue'
    ; warning
    @(9650 mils, 17550 mils): Symbol 2E_P14 [74LS10]
[lib_symbol_issues]: The current configuration does not include the symbol library 'CT3-6-rescue'
    ; warning
    @(9950 mils, 5250 mils): Symbol 2D_P14 [7400]
[lib_symbol_issues]: The current configuration does not include the symbol library 'CT3-6-rescue'
    ; warning
    @(9950 mils, 6100 mils): Symbol 2D_P14 [7400]
[lib_symbol_issues]: The current configuration does not include the symbol library 'CT3-6-rescue'
    ; warning
    @(10000 mils, 7350 mils): Symbol 4A_P14 [74HC04]
[lib_symbol_issues]: The current configuration does not include the symbol library 'CT3-6-rescue'
    ; warning
    @(10000 mils, 8150 mils): Symbol 4A_P14 [74HC04]
[lib_symbol_issues]: The current configuration does not include the symbol library 'CT3-6-rescue'
    ; warning
    @(10100 mils, 10450 mils): Symbol 2A_P14 [7402]
[lib_symbol_issues]: The current configuration does not include the symbol library 'CT3-6-rescue'
    ; warning
    @(10100 mils, 11200 mils): Symbol 1A_P14 [74HC04]
[lib_symbol_issues]: The current configuration does not include the symbol library 'CT3-6-rescue'
    ; warning
    @(10300 mils, 19500 mils): Symbol 1E_P14 [7400]
[lib_symbol_issues]: The current configuration does not include the symbol library 'CT3-6-rescue'
    ; warning
    @(10350 mils, 14050 mils): Symbol 1E_P14 [7400]
[lib_symbol_issues]: The current configuration does not include the symbol library 'CT3-6-rescue'
    ; warning
    @(10350 mils, 14750 mils): Symbol 1E_P14 [7400]
[lib_symbol_issues]: The current configuration does not include the symbol library 'CT3-6-rescue'
    ; warning
    @(10850 mils, 15500 mils): Symbol 2B_P14 [7400]
[lib_symbol_issues]: The current configuration does not include the symbol library 'CT3-6-rescue'
    ; warning
    @(11200 mils, 7250 mils): Symbol 2D_P14 [7400]
[lib_symbol_issues]: The current configuration does not include the symbol library 'CT3-6-rescue'
    ; warning
    @(11250 mils, 8050 mils): Symbol 3B_P14 [7402]
[lib_symbol_issues]: The current configuration does not include the symbol library 'CT3-6-rescue'
    ; warning
    @(11550 mils, 9100 mils): Symbol 2A_P14 [7402]
[lib_symbol_issues]: The current configuration does not include the symbol library 'CT3-6-rescue'
    ; warning
    @(11550 mils, 9750 mils): Symbol 4B_P14 [7400]
[lib_symbol_issues]: The current configuration does not include the symbol library 'CT3-6-rescue'
    ; warning
    @(11550 mils, 10350 mils): Symbol 2B_P14 [7400]
[lib_symbol_issues]: The current configuration does not include the symbol library 'CT3-6-rescue'
    ; warning
    @(11550 mils, 11300 mils): Symbol 2A_P14 [7402]
[lib_symbol_issues]: The current configuration does not include the symbol library 'CT3-6-rescue'
    ; warning
    @(11800 mils, 17000 mils): Symbol 5B_P14 [7400]
[lib_symbol_issues]: The current configuration does not include the symbol library 'CT3-6-rescue'
    ; warning
    @(11800 mils, 17550 mils): Symbol 4C_P14 [74LS10]
[lib_symbol_issues]: The current configuration does not include the symbol library 'CT3-6-rescue'
    ; warning
    @(11850 mils, 14400 mils): Symbol 1E_P14 [7400]
[lib_symbol_issues]: The current configuration does not include the symbol library 'CT3-6-rescue'
    ; warning
    @(11850 mils, 19600 mils): Symbol 3D_P14 [7400]
[lib_symbol_issues]: The current configuration does not include the symbol library 'CT3-6-rescue'
    ; warning
    @(12800 mils, 5950 mils): Symbol 2D_P14 [7400]
[lib_symbol_issues]: The current configuration does not include the symbol library 'CT3-6-rescue'
    ; warning
    @(12800 mils, 6600 mils): Symbol 4D_P14 [74LS10]
[lib_symbol_issues]: The current configuration does not include the symbol library 'CT3-6-rescue'
    ; warning
    @(12800 mils, 7250 mils): Symbol 4D_P14 [74LS10]
[lib_symbol_issues]: The current configuration does not include the symbol library 'CT3-6-rescue'
    ; warning
    @(12800 mils, 7900 mils): Symbol 4C_P14 [74LS10]
[endpoint_off_grid]: Symbol pin or wire end off connection grid
    ; warning
    @(13100 mils, 14980 mils): Symbol 1D_P14 Hidden pin 14 [VCC, Power input, Line]
[lib_symbol_issues]: The current configuration does not include the symbol library 'CT3-6-rescue'
    ; warning
    @(13150 mils, 9800 mils): Symbol 1C_P14 [74LS22]
[lib_symbol_issues]: The current configuration does not include the symbol library 'CT3-6-rescue'
    ; warning
    @(13200 mils, 11650 mils): Symbol 2C_P14 [7402]
[lib_symbol_issues]: The current configuration does not include the symbol library 'CT3-6-rescue'
    ; warning
    @(13200 mils, 15150 mils): Symbol 1D_P14 [74LS51]
[lib_symbol_issues]: The current configuration does not include the symbol library 'CT3-6-rescue'
    ; warning
    @(13200 mils, 17100 mils): Symbol 5B_P14 [7400]
[lib_symbol_issues]: The current configuration does not include the symbol library 'CT3-6-rescue'
    ; warning
    @(13400 mils, 19150 mils): Symbol 4D_P14 [74LS10]
[lib_symbol_issues]: The current configuration does not include the symbol library 'CT3-6-rescue'
    ; warning
    @(14450 mils, 6050 mils): Symbol 3B_P14 [7402]
[lib_symbol_issues]: The current configuration does not include the symbol library 'CT3-6-rescue'
    ; warning
    @(14600 mils, 17100 mils): Symbol 2E_P14 [74LS10]
[lib_symbol_issues]: The current configuration does not include the symbol library 'CT3-6-rescue'
    ; warning
    @(14800 mils, 18950 mils): Symbol 3D_P14 [7400]
[lib_symbol_issues]: The current configuration does not include the symbol library 'CT3-6-rescue'
    ; warning
    @(15150 mils, 9900 mils): Symbol 3D_P14 [7400]
[lib_symbol_issues]: The current configuration does not include the symbol library 'CT3-6-rescue'
    ; warning
    @(15150 mils, 10700 mils): Symbol 2C_P14 [7402]
[lib_symbol_issues]: The current configuration does not include the symbol library 'CT3-6-rescue'
    ; warning
    @(15150 mils, 11450 mils): Symbol 2C_P14 [7402]
[lib_symbol_issues]: The current configuration does not include the symbol library 'CT3-6-rescue'
    ; warning
    @(15350 mils, 16700 mils): Symbol #PWR06 [VCC-power]
[lib_symbol_issues]: The current configuration does not include the symbol library 'CT3-6-rescue'
    ; warning
    @(15550 mils, 12950 mils): Symbol 5A_P14 [74LS10]
[lib_symbol_issues]: The current configuration does not include the symbol library 'CT3-6-rescue'
    ; warning
    @(15750 mils, 16050 mils): Symbol 5A_P14 [74LS10]
[lib_symbol_issues]: The current configuration does not include the symbol library 'CT3-6-rescue'
    ; warning
    @(16000 mils, 6000 mils): Symbol 5C_P14 [74LS22]
[lib_symbol_issues]: The current configuration does not include the symbol library 'CT3-6-rescue'
    ; warning
    @(16000 mils, 6650 mils): Symbol 5C_P14 [74LS22]
[lib_symbol_issues]: The current configuration does not include the symbol library 'CT3-6-rescue'
    ; warning
    @(16000 mils, 7300 mils): Symbol 5D_P14 [74LS22]
[lib_symbol_issues]: The current configuration does not include the symbol library 'CT3-6-rescue'
    ; warning
    @(16000 mils, 7950 mils): Symbol 5D_P14 [74LS22]
[lib_symbol_issues]: The current configuration does not include the symbol library 'CT3-6-rescue'
    ; warning
    @(16100 mils, 17100 mils): Symbol 5A_P14 [74LS10]
[lib_symbol_issues]: The current configuration does not include the symbol library 'CT3-6-rescue'
    ; warning
    @(16100 mils, 18000 mils): Symbol 5B_P14 [7400]
[lib_symbol_issues]: The current configuration does not include the symbol library 'CT3-6-rescue'
    ; warning
    @(16350 mils, 12400 mils): Symbol #PWR08 [VCC-power]
[lib_symbol_issues]: The current configuration does not include the symbol library 'CT3-6-rescue'
    ; warning
    @(16350 mils, 14650 mils): Symbol #PWR07 [VCC-power]
[lib_symbol_issues]: The current configuration does not include the symbol library 'CT3-6-rescue'
    ; warning
    @(17100 mils, 12900 mils): Symbol 5E_P14 [74LS22]
[lib_symbol_issues]: The current configuration does not include the symbol library 'CT3-6-rescue'
    ; warning
    @(17100 mils, 13800 mils): Symbol 3D_P14 [7400]
[lib_symbol_issues]: The current configuration does not include the symbol library 'CT3-6-rescue'
    ; warning
    @(17100 mils, 15050 mils): Symbol 5E_P14 [74LS22]
[lib_symbol_issues]: The current configuration does not include the symbol library 'CT3-6-rescue'
    ; warning
    @(17100 mils, 15950 mils): Symbol 5B_P14 [7400]
[lib_symbol_issues]: The current configuration does not include the symbol library 'CT3-6-rescue'
    ; warning
    @(20850 mils, 16950 mils): Symbol 4A_P14 [74HC04]
[lib_symbol_issues]: The current configuration does not include the symbol library 'CT3-6-rescue'
    ; warning
    @(20900 mils, 15600 mils): Symbol 4A_P14 [74HC04]
[lib_symbol_issues]: The current configuration does not include the symbol library 'CT3-6-rescue'
    ; warning
    @(21200 mils, 6550 mils): Symbol 1A_P14 [74HC04]
[lib_symbol_issues]: The current configuration does not include the symbol library 'CT3-6-rescue'
    ; warning
    @(21200 mils, 7850 mils): Symbol 3A_P14 [74HC04]
[lib_symbol_issues]: The current configuration does not include the symbol library 'CT3-6-rescue'
    ; warning
    @(21200 mils, 8450 mils): Symbol 3A_P14 [74HC04]
[lib_symbol_issues]: The current configuration does not include the symbol library 'CT3-6-rescue'
    ; warning
    @(21200 mils, 9050 mils): Symbol 3A_P14 [74HC04]
[lib_symbol_issues]: The current configuration does not include the symbol library 'CT3-6-rescue'
    ; warning
    @(21200 mils, 9550 mils): Symbol 1A_P14 [74HC04]
[lib_symbol_issues]: The current configuration does not include the symbol library 'CT3-6-rescue'
    ; warning
    @(21200 mils, 10500 mils): Symbol 1A_P14 [74HC04]
[lib_symbol_issues]: The current configuration does not include the symbol library 'CT3-6-rescue'
    ; warning
    @(21700 mils, 15400 mils): Symbol 4A_P14 [74HC04]
[lib_symbol_issues]: The current configuration does not include the symbol library 'CT3-6-rescue'
    ; warning
    @(22400 mils, 7600 mils): Symbol 3A_P14 [74HC04]
[lib_symbol_issues]: The current configuration does not include the symbol library 'CT3-6-rescue'
    ; warning
    @(22400 mils, 8050 mils): Symbol 1A_P14 [74HC04]
[lib_symbol_issues]: The current configuration does not include the symbol library 'CT3-6-rescue'
    ; warning
    @(22400 mils, 9300 mils): Symbol 1A_P14 [74HC04]
[lib_symbol_issues]: The current configuration does not include the symbol library 'CT3-6-rescue'
    ; warning
    @(22400 mils, 9800 mils): Symbol 3A_P14 [74HC04]
[lib_symbol_issues]: The current configuration does not include the symbol library 'CT3-6-rescue'
    ; warning
    @(22450 mils, 10300 mils): Symbol 2B_P14 [7400]
[lib_symbol_issues]: The current configuration does not include the symbol library 'CT3-6-rescue'
    ; warning
    @(22950 mils, 15500 mils): Symbol 4B_P14 [7400]
[lib_symbol_issues]: The current configuration does not include the symbol library 'CT3-6-rescue'
    ; warning
    @(23100 mils, 17450 mils): Symbol 4B_P14 [7400]
[lib_symbol_issues]: The current configuration does not include the symbol library 'CT3-6-rescue'
    ; warning
    @(23250 mils, 13650 mils): Symbol 4A_P14 [74HC04]
[lib_symbol_issues]: The current configuration does not include the symbol library 'CT3-6-rescue'
    ; warning
    @(23950 mils, 9750 mils): Symbol 3C_P14 [74LS22]
[lib_symbol_issues]: The current configuration does not include the symbol library 'CT3-6-rescue'
    ; warning
    @(24000 mils, 7100 mils): Symbol 2A_P14 [7402]
[lib_symbol_issues]: The current configuration does not include the symbol library 'CT3-6-rescue'
    ; warning
    @(24050 mils, 7950 mils): Symbol 1B_P14 [7400]
[lib_symbol_issues]: The current configuration does not include the symbol library 'CT3-6-rescue'
    ; warning
    @(24350 mils, 15200 mils): Symbol 4B_P14 [7400]
[lib_symbol_issues]: The current configuration does not include the symbol library 'CT3-6-rescue'
    ; warning
    @(24350 mils, 16000 mils): Symbol 2B_P14 [7400]
[lib_symbol_issues]: The current configuration does not include the symbol library 'CT3-6-rescue'
    ; warning
    @(24450 mils, 13750 mils): Symbol 3B_P14 [7402]
[lib_symbol_issues]: The current configuration does not include the symbol library 'CT3-6-rescue'
    ; warning
    @(24550 mils, 17050 mils): Symbol 3B_P14 [7402]
[lib_symbol_issues]: The current configuration does not include the symbol library 'CT3-6-rescue'
    ; warning
    @(25550 mils, 6800 mils): Symbol 4C_P14 [74LS10]
[lib_symbol_issues]: The current configuration does not include the symbol library 'CT3-6-rescue'
    ; warning
    @(25550 mils, 7700 mils): Symbol 1B_P14 [7400]
[lib_symbol_issues]: The current configuration does not include the symbol library 'CT3-6-rescue'
    ; warning
    @(25550 mils, 8550 mils): Symbol 1B_P14 [7400]
[lib_symbol_issues]: The current configuration does not include the symbol library 'CT3-6-rescue'
    ; warning
    @(25550 mils, 9150 mils): Symbol 1B_P14 [7400]
[lib_symbol_issues]: The current configuration does not include the symbol library 'CT3-6-rescue'
    ; warning
    @(26000 mils, 13900 mils): Symbol 1C_P14 [74LS22]
[lib_symbol_issues]: The current configuration does not include the symbol library 'CT3-6-rescue'
    ; warning
    @(26050 mils, 15050 mils): Symbol 2E_P14 [74LS10]
[lib_symbol_issues]: The current configuration does not include the symbol library 'CT3-6-rescue'
    ; warning
    @(27000 mils, 10850 mils): Symbol 3A_P14 [74HC04]
[lib_symbol_issues]: The current configuration does not include the symbol library 'CT3-6-rescue'
    ; warning
    @(27150 mils, 16500 mils): Symbol #PWR02 [VCC-power]
[lib_symbol_issues]: The current configuration does not include the symbol library 'CT3-6-rescue'
    ; warning
    @(27250 mils, 8100 mils): Symbol 3C_P14 [74LS22]
[lib_symbol_issues]: The current configuration does not include the symbol library 'CT3-6-rescue'
    ; warning
    @(27850 mils, 16900 mils): Symbol 3E_P14 [7460]
[endpoint_off_grid]: Symbol pin or wire end off connection grid
    ; warning
    @(28250 mils, 14430 mils): Symbol 4E_P14 Hidden pin 14 [VCC, Power input, Line]
[lib_symbol_issues]: The current configuration does not include the symbol library 'CT3-6-rescue'
    ; warning
    @(28350 mils, 14800 mils): Symbol 4E_P14 [7453]
[lib_symbol_issues]: The current configuration does not include the symbol library 'CT3-6-rescue'
    ; warning
    @(28750 mils, 8200 mils): Symbol 2C_P14 [7402]
[lib_symbol_issues]: The current configuration does not include the symbol library 'CT4-7-rescue'
    ; warning
    @(5100 mils, 6700 mils): Symbol CONECTOR_P15 [CONN_35X2]
[lib_symbol_issues]: The current configuration does not include the symbol library 'CT4-7-rescue'
    ; warning
    @(8900 mils, 14500 mils): Symbol 1A_P15 [74LS04]
[lib_symbol_issues]: The current configuration does not include the symbol library 'CT4-7-rescue'
    ; warning
    @(8900 mils, 15250 mils): Symbol 1A_P15 [74LS04]
[lib_symbol_issues]: The current configuration does not include the symbol library 'CT4-7-rescue'
    ; warning
    @(8900 mils, 16000 mils): Symbol 1A_P15 [74LS04]
[lib_symbol_issues]: The current configuration does not include the symbol library 'CT4-7-rescue'
    ; warning
    @(8900 mils, 16750 mils): Symbol 1A_P15 [74LS04]
[lib_symbol_issues]: The current configuration does not include the symbol library 'CT4-7-rescue'
    ; warning
    @(8900 mils, 17500 mils): Symbol 1A_P15 [74LS04]
[lib_symbol_issues]: The current configuration does not include the symbol library 'CT4-7-rescue'
    ; warning
    @(8900 mils, 18250 mils): Symbol 1A_P15 [74LS04]
[lib_symbol_issues]: The current configuration does not include the symbol library 'CT4-7-rescue'
    ; warning
    @(8900 mils, 19000 mils): Symbol 3B_P15 [74LS04]
[lib_symbol_issues]: The current configuration does not include the symbol library 'CT4-7-rescue'
    ; warning
    @(9450 mils, 10750 mils): Symbol 1B_P15 [74LS30]
[lib_symbol_issues]: The current configuration does not include the symbol library 'CT4-7-rescue'
    ; warning
    @(9800 mils, 4900 mils): Symbol 1C_P15 [7400]
[lib_symbol_issues]: The current configuration does not include the symbol library 'CT4-7-rescue'
    ; warning
    @(9800 mils, 5650 mils): Symbol 1C_P15 [7400]
[lib_symbol_issues]: The current configuration does not include the symbol library 'CT4-7-rescue'
    ; warning
    @(10850 mils, 11400 mils): Symbol 2B_P15 [7400]
[lib_symbol_issues]: The current configuration does not include the symbol library 'CT4-7-rescue'
    ; warning
    @(10850 mils, 11900 mils): Symbol 2B_P15 [7400]
[lib_symbol_issues]: The current configuration does not include the symbol library 'CT4-7-rescue'
    ; warning
    @(11200 mils, 5300 mils): Symbol 1C_P15 [7400]
[lib_symbol_issues]: The current configuration does not include the symbol library 'CT4-7-rescue'
    ; warning
    @(11350 mils, 14500 mils): Symbol 2A_P15 [74LS04]
[lib_symbol_issues]: The current configuration does not include the symbol library 'CT4-7-rescue'
    ; warning
    @(11350 mils, 15250 mils): Symbol 2A_P15 [74LS04]
[lib_symbol_issues]: The current configuration does not include the symbol library 'CT4-7-rescue'
    ; warning
    @(11350 mils, 16000 mils): Symbol 2A_P15 [74LS04]
[lib_symbol_issues]: The current configuration does not include the symbol library 'CT4-7-rescue'
    ; warning
    @(11350 mils, 16750 mils): Symbol 2A_P15 [74LS04]
[lib_symbol_issues]: The current configuration does not include the symbol library 'CT4-7-rescue'
    ; warning
    @(11350 mils, 17500 mils): Symbol 2A_P15 [74LS04]
[lib_symbol_issues]: The current configuration does not include the symbol library 'CT4-7-rescue'
    ; warning
    @(11350 mils, 18250 mils): Symbol 2A_P15 [74LS04]
[lib_symbol_issues]: The current configuration does not include the symbol library 'CT4-7-rescue'
    ; warning
    @(11350 mils, 19000 mils): Symbol 3B_P15 [74LS04]
[lib_symbol_issues]: The current configuration does not include the symbol library 'CT4-7-rescue'
    ; warning
    @(12050 mils, 12600 mils): Symbol 2B_P15 [7400]
[lib_symbol_issues]: The current configuration does not include the symbol library 'CT4-7-rescue'
    ; warning
    @(12050 mils, 13250 mils): Symbol 2B_P15 [7400]
[lib_symbol_issues]: The current configuration does not include the symbol library 'CT4-7-rescue'
    ; warning
    @(12550 mils, 5300 mils): Symbol 3B_P15 [74LS04]
[lib_symbol_issues]: The current configuration does not include the symbol library 'CT4-7-rescue'
    ; warning
    @(12600 mils, 9300 mils): Symbol 3E_P15 [7402]
[lib_symbol_issues]: The current configuration does not include the symbol library 'CT4-7-rescue'
    ; warning
    @(12600 mils, 9800 mils): Symbol 3C_P15 [7400]
[lib_symbol_issues]: The current configuration does not include the symbol library 'CT4-7-rescue'
    ; warning
    @(12650 mils, 11700 mils): Symbol 2D_P15 [74LS20]
[lib_symbol_issues]: The current configuration does not include the symbol library 'CT4-7-rescue'
    ; warning
    @(13100 mils, 6700 mils): Symbol 2C_P15 [74LS15]
[lib_symbol_issues]: The current configuration does not include the symbol library 'CT4-7-rescue'
    ; warning
    @(13100 mils, 7400 mils): Symbol 1C_P15 [7400]
[lib_symbol_issues]: The current configuration does not include the symbol library 'CT4-7-rescue'
    ; warning
    @(13100 mils, 8200 mils): Symbol 2C_P15 [74LS15]
[lib_symbol_issues]: The current configuration does not include the symbol library 'CT4-7-rescue'
    ; warning
    @(13600 mils, 14500 mils): Symbol 3A_P15 [74LS04]
[lib_symbol_issues]: The current configuration does not include the symbol library 'CT4-7-rescue'
    ; warning
    @(13600 mils, 15250 mils): Symbol 3A_P15 [74LS04]
[lib_symbol_issues]: The current configuration does not include the symbol library 'CT4-7-rescue'
    ; warning
    @(13600 mils, 16000 mils): Symbol 3A_P15 [74LS04]
[lib_symbol_issues]: The current configuration does not include the symbol library 'CT4-7-rescue'
    ; warning
    @(13600 mils, 16750 mils): Symbol 3A_P15 [74LS04]
[lib_symbol_issues]: The current configuration does not include the symbol library 'CT4-7-rescue'
    ; warning
    @(13600 mils, 17500 mils): Symbol 3A_P15 [74LS04]
[lib_symbol_issues]: The current configuration does not include the symbol library 'CT4-7-rescue'
    ; warning
    @(13600 mils, 18250 mils): Symbol 3A_P15 [74LS04]
[lib_symbol_issues]: The current configuration does not include the symbol library 'CT4-7-rescue'
    ; warning
    @(13850 mils, 4750 mils): Symbol 1D_P15 [7400]
[lib_symbol_issues]: The current configuration does not include the symbol library 'CT4-7-rescue'
    ; warning
    @(13850 mils, 5650 mils): Symbol 1D_P15 [7400]
[lib_symbol_issues]: The current configuration does not include the symbol library 'CT4-7-rescue'
    ; warning
    @(14000 mils, 11800 mils): Symbol 3C_P15 [7400]
[lib_symbol_issues]: The current configuration does not include the symbol library 'CT4-7-rescue'
    ; warning
    @(14000 mils, 12500 mils): Symbol 3C_P15 [7400]
[lib_symbol_issues]: The current configuration does not include the symbol library 'CT4-7-rescue'
    ; warning
    @(14000 mils, 13150 mils): Symbol 3C_P15 [7400]
[lib_symbol_issues]: The current configuration does not include the symbol library 'CT4-7-rescue'
    ; warning
    @(14050 mils, 9400 mils): Symbol 2E_P15 [7400]
[lib_symbol_issues]: The current configuration does not include the symbol library 'CT4-7-rescue'
    ; warning
    @(15150 mils, 6800 mils): Symbol 1D_P15 [7400]
[lib_symbol_issues]: The current configuration does not include the symbol library 'CT4-7-rescue'
    ; warning
    @(15150 mils, 7400 mils): Symbol 2C_P15 [74LS15]
[lib_symbol_issues]: The current configuration does not include the symbol library 'CT4-7-rescue'
    ; warning
    @(15200 mils, 9400 mils): Symbol 3B_P15 [74LS04]
[lib_symbol_issues]: The current configuration does not include the symbol library 'CT4-7-rescue'
    ; warning
    @(15300 mils, 5200 mils): Symbol 1D_P15 [7400]
[lib_symbol_issues]: The current configuration does not include the symbol library 'CT4-7-rescue'
    ; warning
    @(15800 mils, 12450 mils): Symbol 2D_P15 [74LS20]
[lib_symbol_issues]: The current configuration does not include the symbol library 'CT4-7-rescue'
    ; warning
    @(15900 mils, 14500 mils): Symbol 4A_P15 [74LS04]
[lib_symbol_issues]: The current configuration does not include the symbol library 'CT4-7-rescue'
    ; warning
    @(15900 mils, 15250 mils): Symbol 4A_P15 [74LS04]
[lib_symbol_issues]: The current configuration does not include the symbol library 'CT4-7-rescue'
    ; warning
    @(15900 mils, 16000 mils): Symbol 4A_P15 [74LS04]
[lib_symbol_issues]: The current configuration does not include the symbol library 'CT4-7-rescue'
    ; warning
    @(15900 mils, 16750 mils): Symbol 4A_P15 [74LS04]
[lib_symbol_issues]: The current configuration does not include the symbol library 'CT4-7-rescue'
    ; warning
    @(15900 mils, 17500 mils): Symbol 4A_P15 [74LS04]
[lib_symbol_issues]: The current configuration does not include the symbol library 'CT4-7-rescue'
    ; warning
    @(15900 mils, 18250 mils): Symbol 4A_P15 [74LS04]
[endpoint_off_grid]: Symbol pin or wire end off connection grid
    ; warning
    @(16950 mils, 7080 mils): Symbol 1E_P15 Hidden pin 14 [VCC, Power input, Line]
[lib_symbol_issues]: The current configuration does not include the symbol library 'CT4-7-rescue'
    ; warning
    @(17050 mils, 7450 mils): Symbol 1E_P15 [74LS54]
[lib_symbol_issues]: The current configuration does not include the symbol library 'CT4-7-rescue'
    ; warning
    @(18000 mils, 8500 mils): Symbol 3D_P15 [74LS15]
[lib_symbol_issues]: The current configuration does not include the symbol library 'CT4-7-rescue'
    ; warning
    @(18000 mils, 9600 mils): Symbol 3D_P15 [74LS15]
[lib_symbol_issues]: The current configuration does not include the symbol library 'CT4-7-rescue'
    ; warning
    @(18900 mils, 15450 mils): Symbol 4D_P15 [7400]
[lib_symbol_issues]: The current configuration does not include the symbol library 'CT4-7-rescue'
    ; warning
    @(18900 mils, 17050 mils): Symbol 4D_P15 [7400]
[lib_symbol_issues]: The current configuration does not include the symbol library 'CT4-7-rescue'
    ; warning
    @(19300 mils, 8400 mils): Symbol 2E_P15 [7400]
[lib_symbol_issues]: The current configuration does not include the symbol library 'CT4-7-rescue'
    ; warning
    @(19300 mils, 9500 mils): Symbol 2E_P15 [7400]
[lib_symbol_issues]: The current configuration does not include the symbol library 'CT4-7-rescue'
    ; warning
    @(20400 mils, 15050 mils): Symbol 4E_P15 [7402]
[lib_symbol_issues]: The current configuration does not include the symbol library 'CT4-7-rescue'
    ; warning
    @(20400 mils, 15850 mils): Symbol 4E_P15 [7402]
[lib_symbol_issues]: The current configuration does not include the symbol library 'CT4-7-rescue'
    ; warning
    @(20400 mils, 16650 mils): Symbol 4E_P15 [7402]
[lib_symbol_issues]: The current configuration does not include the symbol library 'CT4-7-rescue'
    ; warning
    @(20400 mils, 17450 mils): Symbol 4E_P15 [7402]
[lib_symbol_issues]: The current configuration does not include the symbol library 'CT4-7-rescue'
    ; warning
    @(20400 mils, 18100 mils): Symbol 3E_P15 [7402]
[lib_symbol_issues]: The current configuration does not include the symbol library 'CT4-7-rescue'
    ; warning
    @(21950 mils, 6250 mils): Symbol 2E_P15 [7400]
[lib_symbol_issues]: The current configuration does not include the symbol library 'CT4-7-rescue'
    ; warning
    @(22000 mils, 15200 mils): Symbol 5E_P15 [74LS15]
[lib_symbol_issues]: The current configuration does not include the symbol library 'CT4-7-rescue'
    ; warning
    @(22000 mils, 16000 mils): Symbol 5E_P15 [74LS15]
[lib_symbol_issues]: The current configuration does not include the symbol library 'CT4-7-rescue'
    ; warning
    @(22000 mils, 16800 mils): Symbol 5E_P15 [74LS15]
[lib_symbol_issues]: The current configuration does not include the symbol library 'CT4-7-rescue'
    ; warning
    @(22000 mils, 17600 mils): Symbol 5D_P15 [74LS15]
[lib_symbol_issues]: The current configuration does not include the symbol library 'CT4-7-rescue'
    ; warning
    @(23350 mils, 6350 mils): Symbol 4D_P15 [7400]
[lib_symbol_issues]: The current configuration does not include the symbol library 'CT4-7-rescue'
    ; warning
    @(23450 mils, 9700 mils): Symbol 5C_P15 [7400]
[lib_symbol_issues]: The current configuration does not include the symbol library 'CT4-7-rescue'
    ; warning
    @(24400 mils, 12750 mils): Symbol 5B_P15 [7400]
[lib_symbol_issues]: The current configuration does not include the symbol library 'CT4-7-rescue'
    ; warning
    @(24800 mils, 6450 mils): Symbol 4D_P15 [7400]
[lib_symbol_issues]: The current configuration does not include the symbol library 'CT4-7-rescue'
    ; warning
    @(24800 mils, 9800 mils): Symbol 5C_P15 [7400]
[lib_symbol_issues]: The current configuration does not include the symbol library 'CT4-7-rescue'
    ; warning
    @(25300 mils, 16150 mils): Symbol 5B_P15 [7400]
[lib_symbol_issues]: The current configuration does not include the symbol library 'CT4-7-rescue'
    ; warning
    @(25600 mils, 12750 mils): Symbol 3B_P15 [74LS04]
[endpoint_off_grid]: Symbol pin or wire end off connection grid
    ; warning
    @(26150 mils, 6530 mils): Symbol 4C_P15 Hidden pin 14 [VCC, Power input, Line]
[lib_symbol_issues]: The current configuration does not include the symbol library 'CT4-7-rescue'
    ; warning
    @(26250 mils, 6700 mils): Symbol 4C_P15 [74LS51]
[lib_symbol_issues]: The current configuration does not include the symbol library 'CT4-7-rescue'
    ; warning
    @(26250 mils, 9800 mils): Symbol 5D_P15 [74LS15]
[lib_symbol_issues]: The current configuration does not include the symbol library 'CT4-7-rescue'
    ; warning
    @(26800 mils, 16150 mils): Symbol 3D_P15 [74LS15]
[lib_symbol_issues]: The current configuration does not include the symbol library 'CT4-7-rescue'
    ; warning
    @(26800 mils, 16900 mils): Symbol 5A_P15 [74LS20]
[lib_symbol_issues]: The current configuration does not include the symbol library 'CT4-7-rescue'
    ; warning
    @(27500 mils, 6700 mils): Symbol 4B_P15 [74LS20]
[lib_symbol_issues]: The current configuration does not include the symbol library 'CT4-7-rescue'
    ; warning
    @(28200 mils, 16550 mils): Symbol 5B_P15 [7400]
[lib_symbol_issues]: The current configuration does not include the symbol library 'CT5-8-rescue'
    ; warning
    @(5650 mils, 8400 mils): Symbol CONECTOR_P16 [CONN_35X2]
[lib_symbol_issues]: The current configuration does not include the symbol library 'CT5-8-rescue'
    ; warning
    @(10900 mils, 6900 mils): Symbol 1A_P16 [74HC04]
[lib_symbol_issues]: The current configuration does not include the symbol library 'CT5-8-rescue'
    ; warning
    @(11250 mils, 17400 mils): Symbol 1D_P16 [74HC04]
[lib_symbol_issues]: The current configuration does not include the symbol library 'CT5-8-rescue'
    ; warning
    @(11300 mils, 10000 mils): Symbol 3A_P16 [74LS10]
[lib_symbol_issues]: The current configuration does not include the symbol library 'CT5-8-rescue'
    ; warning
    @(11300 mils, 14950 mils): Symbol 1A_P16 [74HC04]
[lib_symbol_issues]: The current configuration does not include the symbol library 'CT5-8-rescue'
    ; warning
    @(11350 mils, 14350 mils): Symbol 2A_P16 [7400]
[lib_symbol_issues]: The current configuration does not include the symbol library 'CT5-8-rescue'
    ; warning
    @(11600 mils, 11600 mils): Symbol 1A_P16 [74HC04]
[lib_symbol_issues]: The current configuration does not include the symbol library 'CT5-8-rescue'
    ; warning
    @(11750 mils, 10950 mils): Symbol 3B_P16 [7400]
[lib_symbol_issues]: The current configuration does not include the symbol library 'CT5-8-rescue'
    ; warning
    @(12350 mils, 9500 mils): Symbol 2A_P16 [7400]
[lib_symbol_issues]: The current configuration does not include the symbol library 'CT5-8-rescue'
    ; warning
    @(12500 mils, 6800 mils): Symbol 1C_P16 [74HC02]
[lib_symbol_issues]: The current configuration does not include the symbol library 'CT5-8-rescue'
    ; warning
    @(12600 mils, 17300 mils): Symbol 1C_P16 [74HC02]
[lib_symbol_issues]: The current configuration does not include the symbol library 'CT5-8-rescue'
    ; warning
    @(12850 mils, 14600 mils): Symbol 3B_P16 [7400]
[lib_symbol_issues]: The current configuration does not include the symbol library 'CT5-8-rescue'
    ; warning
    @(13200 mils, 11050 mils): Symbol 2D_P16 [7400]
[lib_symbol_issues]: The current configuration does not include the symbol library 'CT5-8-rescue'
    ; warning
    @(13200 mils, 11700 mils): Symbol 2A_P16 [7400]
[lib_symbol_issues]: The current configuration does not include the symbol library 'CT5-8-rescue'
    ; warning
    @(13800 mils, 9650 mils): Symbol 3A_P16 [74LS10]
[endpoint_off_grid]: Symbol pin or wire end off connection grid
    ; warning
    @(14250 mils, 6970 mils): Symbol 2C_P16 Hidden pin 7 [GND, Power input, Line]
[lib_symbol_issues]: The current configuration does not include the symbol library 'CT5-8-rescue'
    ; warning
    @(14350 mils, 6800 mils): Symbol 2C_P16 [74LS51]
[lib_symbol_issues]: The current configuration does not include the symbol library 'CT5-8-rescue'
    ; warning
    @(14350 mils, 17600 mils): Symbol 2D_P16 [7400]
[lib_symbol_issues]: The current configuration does not include the symbol library 'CT5-8-rescue'
    ; warning
    @(14400 mils, 14850 mils): Symbol 3B_P16 [7400]
[lib_symbol_issues]: The current configuration does not include the symbol library 'CT5-8-rescue'
    ; warning
    @(15200 mils, 9900 mils): Symbol 2D_P16 [7400]
[lib_symbol_issues]: The current configuration does not include the symbol library 'CT5-8-rescue'
    ; warning
    @(15350 mils, 6800 mils): Symbol 1D_P16 [74HC04]
[lib_symbol_issues]: The current configuration does not include the symbol library 'CT5-8-rescue'
    ; warning
    @(16550 mils, 10050 mils): Symbol 3A_P16 [74LS10]
[lib_symbol_issues]: The current configuration does not include the symbol library 'CT5-8-rescue'
    ; warning
    @(16550 mils, 10800 mils): Symbol 1B_P16 [74LS40]
[lib_symbol_issues]: The current configuration does not include the symbol library 'CT5-8-rescue'
    ; warning
    @(16750 mils, 6800 mils): Symbol 3C_P16 [74LS40]
[endpoint_off_grid]: Symbol pin or wire end off connection grid
    ; warning
    @(18500 mils, 9930 mils): Symbol 2B_P16 Hidden pin 14 [VCC, Power input, Line]
[lib_symbol_issues]: The current configuration does not include the symbol library 'CT5-8-rescue'
    ; warning
    @(18600 mils, 10300 mils): Symbol 2B_P16 [74LS54]
[lib_symbol_issues]: The current configuration does not include the symbol library 'CT5-8-rescue'
    ; warning
    @(19600 mils, 10300 mils): Symbol 1D_P16 [74HC04]
[lib_symbol_issues]: The current configuration does not include the symbol library 'CT5-8-rescue'
    ; warning
    @(26200 mils, 11850 mils): Symbol 1A_P16 [74HC04]
[lib_symbol_issues]: The current configuration does not include the symbol library 'CT5-8-rescue'
    ; warning
    @(26200 mils, 12950 mils): Symbol 1D_P16 [74HC04]
[lib_symbol_issues]: The current configuration does not include the symbol library 'CT5-8-rescue'
    ; warning
    @(26200 mils, 14100 mils): Symbol 1A_P16 [74HC04]
[lib_symbol_issues]: The current configuration does not include the symbol library 'CT5-8-rescue'
    ; warning
    @(26200 mils, 15200 mils): Symbol 1A_P16 [74HC04]
[lib_symbol_issues]: The current configuration does not include the symbol library 'CT5-8-rescue'
    ; warning
    @(26250 mils, 7750 mils): Symbol 2A_P16 [7400]
[lib_symbol_issues]: The current configuration does not include the symbol library 'CT5-8-rescue'
    ; warning
    @(26250 mils, 9050 mils): Symbol 3B_P16 [7400]

***** Sheet /Backplane/

***** Sheet /PRANCHA I: PLACA DOS REGISTRADORES/
[pin_to_pin]: Pins of type Power output and Power output are connected
    ; error
    @(1500 mils, 850 mils): Symbol #FLG07 Pin 1 [Power output, Line]
    @(4500 mils, 4050 mils): Symbol #FLG012 Pin 1 [Power output, Line]
[pin_not_driven]: Input pin not driven by any Output pins
    ; error
    @(12100 mils, 6000 mils): Symbol 1A_FR1 Pin 2 [D, Input, Line]
[pin_not_driven]: Input pin not driven by any Output pins
    ; error
    @(15150 mils, 6650 mils): Symbol 1D_FR1 Pin 9 [Input, Line]

***** Sheet /PRANCHA II: CIRCUITO - UNIDADE ARITMÉTICA/
[missing_input_pin]: Symbol 5C_FS1 has input pins in units [ A ] that are not placed
    ; warning
    @(16000 mils, 9350 mils): Symbol 5C_FS1 [74AHC04]
[missing_unit]: Symbol 5C_FS1 has unplaced units [ A ]
    ; warning
    @(16000 mils, 9350 mils): Symbol 5C_FS1 [74AHC04]
[missing_input_pin]: Symbol 5C_FS2 has input pins in units [ A ] that are not placed
    ; warning
    @(16000 mils, 20300 mils): Symbol 5C_FS2 [74AHC04]
[missing_unit]: Symbol 5C_FS2 has unplaced units [ A ]
    ; warning
    @(16000 mils, 20300 mils): Symbol 5C_FS2 [74AHC04]
[missing_input_pin]: Symbol 3C_FS1 has input pins in units [ D ] that are not placed
    ; warning
    @(16850 mils, 10350 mils): Symbol 3C_FS1 [74HC02]
[missing_unit]: Symbol 3C_FS1 has unplaced units [ D ]
    ; warning
    @(16850 mils, 10350 mils): Symbol 3C_FS1 [74HC02]
[missing_input_pin]: Symbol 3C_FS2 has input pins in units [ D ] that are not placed
    ; warning
    @(16850 mils, 19100 mils): Symbol 3C_FS2 [74HC02]
[missing_unit]: Symbol 3C_FS2 has unplaced units [ D ]
    ; warning
    @(16850 mils, 19100 mils): Symbol 3C_FS2 [74HC02]
[missing_input_pin]: Symbol 2C_FS2 has input pins in units [ A, B, C ] that are not placed
    ; warning
    @(16900 mils, 17100 mils): Symbol 2C_FS2 [74HC02]
[missing_unit]: Symbol 2C_FS2 has unplaced units [ A, B, C ]
    ; warning
    @(16900 mils, 17100 mils): Symbol 2C_FS2 [74HC02]
[missing_input_pin]: Symbol 3E_FS2 has input pins in units [ A ] that are not placed
    ; warning
    @(19450 mils, 14000 mils): Symbol 3E_FS2 [74AHC04]
[missing_unit]: Symbol 3E_FS2 has unplaced units [ A ]
    ; warning
    @(19450 mils, 14000 mils): Symbol 3E_FS2 [74AHC04]
[missing_input_pin]: Symbol 2C_FS1 has input pins in units [ A, B, C ] that are not placed
    ; warning
    @(34950 mils, 3750 mils): Symbol 2C_FS1 [74HC02]
[missing_unit]: Symbol 2C_FS1 has unplaced units [ A, B, C ]
    ; warning
    @(34950 mils, 3750 mils): Symbol 2C_FS1 [74HC02]
[missing_input_pin]: Symbol 3E_FS1 has input pins in units [ A ] that are not placed
    ; warning
    @(35850 mils, 5700 mils): Symbol 3E_FS1 [74AHC04]
[missing_unit]: Symbol 3E_FS1 has unplaced units [ A ]
    ; warning
    @(35850 mils, 5700 mils): Symbol 3E_FS1 [74AHC04]

***** Sheet /PRANCHA III: ACUMULADOR/
[pin_to_pin]: Pins of type Output and Output are connected
    ; error
    @(7600 mils, 12000 mils): Symbol 2D_P12 Pin 10 [Output, Line]
    @(8300 mils, 8850 mils): Symbol 1B_P3 Pin 12 [Output, Line]
[pin_to_pin]: Pins of type Output and Output are connected
    ; error
    @(7600 mils, 11700 mils): Symbol 2D_P12 Pin 9 [Output, Line]
    @(8300 mils, 9150 mils): Symbol 1B_P3 Pin 11 [Output, Line]
[pin_to_pin]: Pins of type Output and Output are connected
    ; error
    @(17750 mils, 10250 mils): Symbol 5C_P3 Pin 9 [Output, Line]
    @(17750 mils, 9550 mils): Symbol 5C_P3 Pin 11 [Output, Line]
[pin_to_pin]: Pins of type Output and Output are connected
    ; error
    @(17750 mils, 10550 mils): Symbol 5C_P3 Pin 10 [Output, Line]
    @(17750 mils, 9850 mils): Symbol 5C_P3 Pin 12 [Output, Line]
[missing_input_pin]: Symbol 4D_P3 has input pins in units [ A, C ] that are not placed
    ; warning
    @(6100 mils, 9950 mils): Symbol 4D_P3 [74LS10]
[missing_unit]: Symbol 4D_P3 has unplaced units [ A, C ]
    ; warning
    @(6100 mils, 9950 mils): Symbol 4D_P3 [74LS10]
[missing_input_pin]: Symbol 3D_P3 has input pins in units [ B ] that are not placed
    ; warning
    @(11550 mils, 6500 mils): Symbol 3D_P3 [74AHC04]
[missing_unit]: Symbol 3D_P3 has unplaced units [ B ]
    ; warning
    @(11550 mils, 6500 mils): Symbol 3D_P3 [74AHC04]
[multiple_net_names]: Both +RD3 and Com_T are attached to the same items; +RD3 will be used in the netlist
    ; warning
    @(8550 mils, 6700 mils): Global Label '+RD3'
    @(19050 mils, 9900 mils): Global Label 'Com_T'
[multiple_net_names]: Both +RD2 and Com_G are attached to the same items; +RD2 will be used in the netlist
    ; warning
    @(8550 mils, 6100 mils): Global Label '+RD2'
    @(19050 mils, 10700 mils): Global Label 'Com_G'
[ground_pin_not_ground]: Pin GND not connected to ground net
    ; warning
    @(24650 mils, 5850 mils): Symbol 2C_P3 Pin 7 [GND, Power input, Line]
[ground_pin_not_ground]: Pin GND not connected to ground net
    ; warning
    @(25100 mils, 5850 mils): Symbol 2B_P3 Pin 7 [GND, Power input, Line]
[ground_pin_not_ground]: Pin GND not connected to ground net
    ; warning
    @(25550 mils, 5850 mils): Symbol 3C_P3 Pin 7 [GND, Power input, Line]
[ground_pin_not_ground]: Pin GND not connected to ground net
    ; warning
    @(26000 mils, 5850 mils): Symbol 1D_P3 Pin 7 [GND, Power input, Line]
[ground_pin_not_ground]: Pin GND not connected to ground net
    ; warning
    @(26450 mils, 5850 mils): Symbol 3B_P3 Pin 7 [GND, Power input, Line]
[ground_pin_not_ground]: Pin GND not connected to ground net
    ; warning
    @(26900 mils, 5850 mils): Symbol 4C_P3 Pin 7 [GND, Power input, Line]
[ground_pin_not_ground]: Pin GND not connected to ground net
    ; warning
    @(27350 mils, 5850 mils): Symbol 4B_P3 Pin 7 [GND, Power input, Line]

***** Sheet /PRANCHA IV: FLUXO DE DADOS/
[pin_to_pin]: Pins of type Power output and Power output are connected
    ; error
    @(3500 mils, 4150 mils): Symbol #FLG04 Pin 1 [pwr, Power output, Line]
    @(4500 mils, 4050 mils): Symbol #FLG012 Pin 1 [Power output, Line]
[pin_to_pin]: Pins of type Power output and Power output are connected
    ; error
    @(5800 mils, 7550 mils): Symbol #FLG02 Pin 1 [pwr, Power output, Line]
    @(3500 mils, 4150 mils): Symbol #FLG04 Pin 1 [pwr, Power output, Line]

***** Sheet /PRANCHA V: PLACA CONTROLE DA MEMÓRIA/
[missing_power_pin]: Symbol 5C_P5 has input power pins in units [ A, B, D ] that are not placed
    ; error
    @(9900 mils, 6350 mils): Symbol 5C_P5 [74LS08]
[multiple_net_names]: Both LWBO_0 and L_0 are attached to the same items; LWBO_0 will be used in the netlist
    ; warning
    @(17250 mils, 1950 mils): Global Label 'LWBO_0'
    @(1950 mils, 3700 mils): Global Label 'L_0'
[multiple_net_names]: Both LWBO_0- and LWBO_2- are attached to the same items; LWBO_0- will be used in the netlist
    ; warning
    @(17250 mils, 2200 mils): Global Label 'LWBO_0-'
    @(4200 mils, 3200 mils): Global Label 'LWBO_2-'
[multiple_net_names]: Both LWBO_1 and L_1 are attached to the same items; LWBO_1 will be used in the netlist
    ; warning
    @(5250 mils, 4900 mils): Global Label 'LWBO_1'
    @(4200 mils, 3600 mils): Global Label 'L_1'
[multiple_net_names]: Both LWBO_4 and L_4 are attached to the same items; LWBO_4 will be used in the netlist
    ; warning
    @(17250 mils, 8600 mils): Global Label 'LWBO_4'
    @(4200 mils, 5400 mils): Global Label 'L_4'
[missing_input_pin]: Symbol 5C_P5 has input pins in units [ A, B, D ] that are not placed
    ; warning
    @(9900 mils, 6350 mils): Symbol 5C_P5 [74LS08]
[missing_unit]: Symbol 5C_P5 has unplaced units [ A, B, D ]
    ; warning
    @(9900 mils, 6350 mils): Symbol 5C_P5 [74LS08]
[multiple_net_names]: Both LWBO_2 and L_2 are attached to the same items; LWBO_2 will be used in the netlist
    ; warning
    @(17250 mils, 5150 mils): Global Label 'LWBO_2'
    @(19500 mils, 5150 mils): Global Label 'L_2'
[multiple_net_names]: Both LWBO_3 and L_3 are attached to the same items; LWBO_3 will be used in the netlist
    ; warning
    @(4200 mils, 5000 mils): Global Label 'LWBO_3'
    @(19500 mils, 6700 mils): Global Label 'L_3'
[multiple_net_names]: Both LWBO_5 and L_5 are attached to the same items; LWBO_5 will be used in the netlist
    ; warning
    @(5250 mils, 5100 mils): Global Label 'LWBO_5'
    @(19500 mils, 10150 mils): Global Label 'L_5'
[multiple_net_names]: Both LWBO_6 and L_6 are attached to the same items; LWBO_6 will be used in the netlist
    ; warning
    @(3050 mils, 5200 mils): Global Label 'LWBO_6'
    @(19500 mils, 11800 mils): Global Label 'L_6'
[multiple_net_names]: Both LWBO_7 and L_7 are attached to the same items; LWBO_7 will be used in the netlist
    ; warning
    @(4200 mils, 5200 mils): Global Label 'LWBO_7'
    @(19500 mils, 13350 mils): Global Label 'L_7'

***** Sheet /PRANCHA VI: DADOS PARA CARTÕES INTERFACE/
[missing_power_pin]: Symbol 5F_P6 has input power pins in units [ C, E ] that are not placed
    ; error
    @(2500 mils, 6300 mils): Symbol 5F_P6 [74LS04]
[missing_power_pin]: Symbol 5E_P6 has input power pins in units [ C, D ] that are not placed
    ; error
    @(2500 mils, 8400 mils): Symbol 5E_P6 [74LS04]
[missing_power_pin]: Symbol 1E_P6 has input power pins in units [ C, D ] that are not placed
    ; error
    @(3200 mils, 10600 mils): Symbol 1E_P6 [74LS13]
[missing_power_pin]: Symbol 2E_P6 has input power pins in units [ C, D ] that are not placed
    ; error
    @(3200 mils, 12250 mils): Symbol 2E_P6 [74LS13]
[missing_power_pin]: Symbol 3E_P6 has input power pins in units [ C, D ] that are not placed
    ; error
    @(3200 mils, 12800 mils): Symbol 3E_P6 [74LS13]
[missing_power_pin]: Symbol 4E_P6 has input power pins in units [ C, D ] that are not placed
    ; error
    @(3200 mils, 14450 mils): Symbol 4E_P6 [74LS13]
[missing_power_pin]: Symbol 1F_P6 has input power pins in units [ C, D ] that are not placed
    ; error
    @(6800 mils, 10600 mils): Symbol 1F_P6 [74LS13]
[missing_power_pin]: Symbol 2F_P6 has input power pins in units [ C, D ] that are not placed
    ; error
    @(6800 mils, 12250 mils): Symbol 2F_P6 [74LS13]
[missing_power_pin]: Symbol 3F_P6 has input power pins in units [ C, D ] that are not placed
    ; error
    @(6800 mils, 13350 mils): Symbol 3F_P6 [74LS13]
[missing_power_pin]: Symbol 4F_P6 has input power pins in units [ C, D ] that are not placed
    ; error
    @(6800 mils, 14450 mils): Symbol 4F_P6 [74LS13]
[missing_power_pin]: Symbol 3C_P6 has input power pins in units [ C, D ] that are not placed
    ; error
    @(11250 mils, 3600 mils): Symbol 3C_P6 [74LS13]
[missing_power_pin]: Symbol 3B_P6 has input power pins in units [ C, D ] that are not placed
    ; error
    @(11250 mils, 5450 mils): Symbol 3B_P6 [74LS13]
[missing_power_pin]: Symbol 3A_P6 has input power pins in units [ C, D ] that are not placed
    ; error
    @(11250 mils, 7300 mils): Symbol 3A_P6 [74LS13]
[missing_power_pin]: Symbol 3D_P6 has input power pins in units [ C, D ] that are not placed
    ; error
    @(11250 mils, 9700 mils): Symbol 3D_P6 [74LS13]
[missing_power_pin]: Symbol 5A_P6 has input power pins in units [ C, D ] that are not placed
    ; error
    @(11250 mils, 13950 mils): Symbol 5A_P6 [74LS13]
[missing_power_pin]: Symbol 1C_P6 has input power pins in units [ B ] that are not placed
    ; error
    @(14800 mils, 12300 mils): Symbol 1C_P6 [74LS02]
[missing_power_pin]: Symbol 5B_P6 has input power pins in units [ C, D ] that are not placed
    ; error
    @(17200 mils, 7900 mils): Symbol 5B_P6 [74LS13]
[missing_power_pin]: Symbol 5C_P6 has input power pins in units [ C, D ] that are not placed
    ; error
    @(20350 mils, 8450 mils): Symbol 5C_P6 [74LS13]
[missing_power_pin]: Symbol 1A_P6 has input power pins in units [ B, C, D, . ] that are not placed
    ; error
    @(20750 mils, 11050 mils): Symbol 1A_P6 [74LS04]
[missing_input_pin]: Symbol 5F_P6 has input pins in units [ C, E ] that are not placed
    ; warning
    @(2500 mils, 6300 mils): Symbol 5F_P6 [74LS04]
[missing_unit]: Symbol 5F_P6 has unplaced units [ C, E ]
    ; warning
    @(2500 mils, 6300 mils): Symbol 5F_P6 [74LS04]
[missing_input_pin]: Symbol 5E_P6 has input pins in units [ C, D ] that are not placed
    ; warning
    @(2500 mils, 8400 mils): Symbol 5E_P6 [74LS04]
[missing_unit]: Symbol 5E_P6 has unplaced units [ C, D ]
    ; warning
    @(2500 mils, 8400 mils): Symbol 5E_P6 [74LS04]
[missing_input_pin]: Symbol 1E_P6 has input pins in units [ C, D ] that are not placed
    ; warning
    @(3200 mils, 10600 mils): Symbol 1E_P6 [74LS13]
[missing_unit]: Symbol 1E_P6 has unplaced units [ C, D ]
    ; warning
    @(3200 mils, 10600 mils): Symbol 1E_P6 [74LS13]
[missing_input_pin]: Symbol 2E_P6 has input pins in units [ C, D ] that are not placed
    ; warning
    @(3200 mils, 12250 mils): Symbol 2E_P6 [74LS13]
[missing_unit]: Symbol 2E_P6 has unplaced units [ C, D ]
    ; warning
    @(3200 mils, 12250 mils): Symbol 2E_P6 [74LS13]
[missing_input_pin]: Symbol 3E_P6 has input pins in units [ C, D ] that are not placed
    ; warning
    @(3200 mils, 12800 mils): Symbol 3E_P6 [74LS13]
[missing_unit]: Symbol 3E_P6 has unplaced units [ C, D ]
    ; warning
    @(3200 mils, 12800 mils): Symbol 3E_P6 [74LS13]
[missing_input_pin]: Symbol 4E_P6 has input pins in units [ C, D ] that are not placed
    ; warning
    @(3200 mils, 14450 mils): Symbol 4E_P6 [74LS13]
[missing_unit]: Symbol 4E_P6 has unplaced units [ C, D ]
    ; warning
    @(3200 mils, 14450 mils): Symbol 4E_P6 [74LS13]
[missing_input_pin]: Symbol 1F_P6 has input pins in units [ C, D ] that are not placed
    ; warning
    @(6800 mils, 10600 mils): Symbol 1F_P6 [74LS13]
[missing_unit]: Symbol 1F_P6 has unplaced units [ C, D ]
    ; warning
    @(6800 mils, 10600 mils): Symbol 1F_P6 [74LS13]
[missing_input_pin]: Symbol 2F_P6 has input pins in units [ C, D ] that are not placed
    ; warning
    @(6800 mils, 12250 mils): Symbol 2F_P6 [74LS13]
[missing_unit]: Symbol 2F_P6 has unplaced units [ C, D ]
    ; warning
    @(6800 mils, 12250 mils): Symbol 2F_P6 [74LS13]
[missing_input_pin]: Symbol 3F_P6 has input pins in units [ C, D ] that are not placed
    ; warning
    @(6800 mils, 13350 mils): Symbol 3F_P6 [74LS13]
[missing_unit]: Symbol 3F_P6 has unplaced units [ C, D ]
    ; warning
    @(6800 mils, 13350 mils): Symbol 3F_P6 [74LS13]
[missing_input_pin]: Symbol 4F_P6 has input pins in units [ C, D ] that are not placed
    ; warning
    @(6800 mils, 14450 mils): Symbol 4F_P6 [74LS13]
[missing_unit]: Symbol 4F_P6 has unplaced units [ C, D ]
    ; warning
    @(6800 mils, 14450 mils): Symbol 4F_P6 [74LS13]
[missing_input_pin]: Symbol 3C_P6 has input pins in units [ C, D ] that are not placed
    ; warning
    @(11250 mils, 3600 mils): Symbol 3C_P6 [74LS13]
[missing_unit]: Symbol 3C_P6 has unplaced units [ C, D ]
    ; warning
    @(11250 mils, 3600 mils): Symbol 3C_P6 [74LS13]
[missing_input_pin]: Symbol 3B_P6 has input pins in units [ C, D ] that are not placed
    ; warning
    @(11250 mils, 5450 mils): Symbol 3B_P6 [74LS13]
[missing_unit]: Symbol 3B_P6 has unplaced units [ C, D ]
    ; warning
    @(11250 mils, 5450 mils): Symbol 3B_P6 [74LS13]
[missing_input_pin]: Symbol 3A_P6 has input pins in units [ C, D ] that are not placed
    ; warning
    @(11250 mils, 7300 mils): Symbol 3A_P6 [74LS13]
[missing_unit]: Symbol 3A_P6 has unplaced units [ C, D ]
    ; warning
    @(11250 mils, 7300 mils): Symbol 3A_P6 [74LS13]
[missing_input_pin]: Symbol 3D_P6 has input pins in units [ C, D ] that are not placed
    ; warning
    @(11250 mils, 9700 mils): Symbol 3D_P6 [74LS13]
[missing_unit]: Symbol 3D_P6 has unplaced units [ C, D ]
    ; warning
    @(11250 mils, 9700 mils): Symbol 3D_P6 [74LS13]
[missing_input_pin]: Symbol 5A_P6 has input pins in units [ C, D ] that are not placed
    ; warning
    @(11250 mils, 13950 mils): Symbol 5A_P6 [74LS13]
[missing_unit]: Symbol 5A_P6 has unplaced units [ C, D ]
    ; warning
    @(11250 mils, 13950 mils): Symbol 5A_P6 [74LS13]
[missing_input_pin]: Symbol 1C_P6 has input pins in units [ B ] that are not placed
    ; warning
    @(14800 mils, 12300 mils): Symbol 1C_P6 [74LS02]
[missing_unit]: Symbol 1C_P6 has unplaced units [ B ]
    ; warning
    @(14800 mils, 12300 mils): Symbol 1C_P6 [74LS02]
[missing_input_pin]: Symbol 5B_P6 has input pins in units [ C, D ] that are not placed
    ; warning
    @(17200 mils, 7900 mils): Symbol 5B_P6 [74LS13]
[missing_unit]: Symbol 5B_P6 has unplaced units [ C, D ]
    ; warning
    @(17200 mils, 7900 mils): Symbol 5B_P6 [74LS13]
[missing_input_pin]: Symbol 5C_P6 has input pins in units [ C, D ] that are not placed
    ; warning
    @(20350 mils, 8450 mils): Symbol 5C_P6 [74LS13]
[missing_unit]: Symbol 5C_P6 has unplaced units [ C, D ]
    ; warning
    @(20350 mils, 8450 mils): Symbol 5C_P6 [74LS13]
[missing_input_pin]: Symbol 1A_P6 has input pins in units [ B, C, D, . ] that are not placed
    ; warning
    @(20750 mils, 11050 mils): Symbol 1A_P6 [74LS04]
[missing_unit]: Symbol 1A_P6 has unplaced units [ B, C, D, . ]
    ; warning
    @(20750 mils, 11050 mils): Symbol 1A_P6 [74LS04]

***** Sheet /PRANCHA VII: PLACA MOSTRA REGISTRADORES/

***** Sheet /PRANCHA VIII: PLACA CHAVES E PILOTO/
[missing_power_pin]: Symbol 5E_P8 has input power pins in units [ A, D ] that are not placed
    ; error
    @(4000 mils, 8450 mils): Symbol 5E_P8 [74LS08]
[missing_power_pin]: Symbol U1 has input power pins in units [ B, C, D ] that are not placed
    ; error
    @(4000 mils, 13800 mils): Symbol U1 [74LS08]
[missing_power_pin]: Symbol 4B_P8 has input power pins in units [ B, C ] that are not placed
    ; error
    @(9250 mils, 11450 mils): Symbol 4B_P8 [7400]
[missing_power_pin]: Symbol 2A_P8 has input power pins in units [ A, B ] that are not placed
    ; error
    @(21900 mils, 20050 mils): Symbol 2A_P8 [7400]
[missing_power_pin]: Symbol 3A_P8 has input power pins in units [ A, B, C ] that are not placed
    ; error
    @(23400 mils, 17350 mils): Symbol 3A_P8 [74LS04]
[missing_input_pin]: Symbol 5E_P8 has input pins in units [ A, D ] that are not placed
    ; warning
    @(4000 mils, 8450 mils): Symbol 5E_P8 [74LS08]
[missing_unit]: Symbol 5E_P8 has unplaced units [ A, D ]
    ; warning
    @(4000 mils, 8450 mils): Symbol 5E_P8 [74LS08]
[missing_input_pin]: Symbol U1 has input pins in units [ B, C, D ] that are not placed
    ; warning
    @(4000 mils, 13800 mils): Symbol U1 [74LS08]
[missing_unit]: Symbol U1 has unplaced units [ B, C, D ]
    ; warning
    @(4000 mils, 13800 mils): Symbol U1 [74LS08]
[missing_input_pin]: Symbol 4B_P8 has input pins in units [ B, C ] that are not placed
    ; warning
    @(9250 mils, 11450 mils): Symbol 4B_P8 [7400]
[missing_unit]: Symbol 4B_P8 has unplaced units [ B, C ]
    ; warning
    @(9250 mils, 11450 mils): Symbol 4B_P8 [7400]
[multiple_net_names]: Both +P_6 and RC_6 are attached to the same items; +P_6 will be used in the netlist
    ; warning
    @(30650 mils, 4000 mils): Global Label '+P_6'
    @(21750 mils, 10450 mils): Global Label 'RC_6'
[multiple_net_names]: Both +P_7 and RC_7 are attached to the same items; +P_7 will be used in the netlist
    ; warning
    @(27550 mils, 11350 mils): Global Label '+P_7'
    @(21750 mils, 10650 mils): Global Label 'RC_7'
[multiple_net_names]: Both +P_0 and RC_0 are attached to the same items; +P_0 will be used in the netlist
    ; warning
    @(30650 mils, 2800 mils): Global Label '+P_0'
    @(21750 mils, 10850 mils): Global Label 'RC_0'
[missing_input_pin]: Symbol 2A_P8 has input pins in units [ A, B ] that are not placed
    ; warning
    @(21900 mils, 20050 mils): Symbol 2A_P8 [7400]
[missing_unit]: Symbol 2A_P8 has unplaced units [ A, B ]
    ; warning
    @(21900 mils, 20050 mils): Symbol 2A_P8 [7400]
[multiple_net_names]: Both +PROTEÇÃO and PM are attached to the same items; +PROTEÇÃO will be used in the netlist
    ; warning
    @(29600 mils, 11450 mils): Global Label '+PROTEÇÃO'
    @(22450 mils, 10550 mils): Global Label 'PM'
[multiple_net_names]: Both +P_9 and RC_9 are attached to the same items; +P_9 will be used in the netlist
    ; warning
    @(28750 mils, 11350 mils): Global Label '+P_9'
    @(22450 mils, 12350 mils): Global Label 'RC_9'
[multiple_net_names]: Both +P_1 and RC_1 are attached to the same items; +P_1 will be used in the netlist
    ; warning
    @(30650 mils, 3000 mils): Global Label '+P_1'
    @(22500 mils, 3000 mils): Global Label 'RC_1'
[multiple_net_names]: Both +P_3 and RC_3 are attached to the same items; +P_3 will be used in the netlist
    ; warning
    @(30650 mils, 3400 mils): Global Label '+P_3'
    @(22500 mils, 3400 mils): Global Label 'RC_3'
[multiple_net_names]: Both +P_4 and RC_4 are attached to the same items; +P_4 will be used in the netlist
    ; warning
    @(27550 mils, 9550 mils): Global Label '+P_4'
    @(22500 mils, 3600 mils): Global Label 'RC_4'
[multiple_net_names]: Both +P_8 and RC_8 are attached to the same items; +P_8 will be used in the netlist
    ; warning
    @(30650 mils, 4400 mils): Global Label '+P_8'
    @(22500 mils, 4400 mils): Global Label 'RC_8'
[multiple_net_names]: Both +P_10 and RC_10 are attached to the same items; +P_10 will be used in the netlist
    ; warning
    @(30650 mils, 4800 mils): Global Label '+P_10'
    @(22500 mils, 4800 mils): Global Label 'RC_10'
[multiple_net_names]: Both +P_(+1) and INC are attached to the same items; +P_(+1) will be used in the netlist
    ; warning
    @(27550 mils, 9750 mils): Global Label '+P_(+1)'
    @(22500 mils, 5200 mils): Global Label 'INC'
[missing_input_pin]: Symbol 3A_P8 has input pins in units [ A, B, C ] that are not placed
    ; warning
    @(23400 mils, 17350 mils): Symbol 3A_P8 [74LS04]
[missing_unit]: Symbol 3A_P8 has unplaced units [ A, B, C ]
    ; warning
    @(23400 mils, 17350 mils): Symbol 3A_P8 [74LS04]
[multiple_net_names]: Both +P_11 and RC_11 are attached to the same items; +P_11 will be used in the netlist
    ; warning
    @(26850 mils, 11450 mils): Global Label '+P_11'
    @(23650 mils, 10550 mils): Global Label 'RC_11'
[multiple_net_names]: Both +P_2 and RC_2 are attached to the same items; +P_2 will be used in the netlist
    ; warning
    @(26850 mils, 9450 mils): Global Label '+P_2'
    @(23650 mils, 10750 mils): Global Label 'RC_2'
[multiple_net_names]: Both +P_5 and RC_5 are attached to the same items; +P_5 will be used in the netlist
    ; warning
    @(30650 mils, 3800 mils): Global Label '+P_5'
    @(24450 mils, 10650 mils): Global Label 'RC_5'

***** Sheet /PRANCHA IX: RELÓGIO CENTRAL/
[pin_not_driven]: Input pin not driven by any Output pins
    ; error
    @(29450 mils, 8100 mils): Symbol 1A_P9 Pin 1 [Cd, Input, Inverted]

***** Sheet /PRANCHA X: DECODIFICADOR/
[missing_power_pin]: Symbol 2E_P10 has input power pins in units [ C, D ] that are not placed
    ; error
    @(9850 mils, 17700 mils): Symbol 2E_P10 [74LS13-RESCUE-CDE-3]
[missing_power_pin]: Symbol 4D_P10 has input power pins in units [ C ] that are not placed
    ; error
    @(9900 mils, 5500 mils): Symbol 4D_P10 [7400-RESCUE-CDE-3]
[pin_to_pin]: Pins of type Output and Output are connected
    ; error
    @(18200 mils, 7600 mils): Symbol 1B_P10 Pin 2 [Output, Inverted]
    @(11800 mils, 16000 mils): Symbol 2A_P15 Pin 6 [Output, Inverted]
[pin_to_pin]: Pins of type Output and Output are connected
    ; error
    @(18200 mils, 8000 mils): Symbol 2A_P10 Pin 8 [Output, Inverted]
    @(20700 mils, 9550 mils): Symbol 4A_P12 Pin 8 [Output, Inverted]
[pin_to_pin]: Pins of type Output and Output are connected
    ; error
    @(18700 mils, 12300 mils): Symbol 2B_P10 Pin 2 [Output, Inverted]
    @(2950 mils, 6300 mils): Symbol 5F_P6 Pin 8 [Output, Inverted]
[pin_to_pin]: Pins of type Output and Output are connected
    ; error
    @(18700 mils, 12700 mils): Symbol 2B_P10 Pin 8 [Output, Inverted]
    @(2950 mils, 7000 mils): Symbol 5E_P6 Pin 12 [Output, Inverted]
[pin_to_pin]: Pins of type Output and Output are connected
    ; error
    @(18700 mils, 13100 mils): Symbol 2B_P10 Pin 10 [Output, Inverted]
    @(2950 mils, 7700 mils): Symbol 5F_P6 Pin 12 [Output, Inverted]
[pin_to_pin]: Pins of type Output and Output are connected
    ; error
    @(18700 mils, 13500 mils): Symbol 2B_P10 Pin 12 [Output, Inverted]
    @(2950 mils, 8400 mils): Symbol 5E_P6 Pin 10 [Output, Inverted]
[missing_power_pin]: Symbol 1E_P10 has input power pins in units [ B, C ] that are not placed
    ; error
    @(24600 mils, 10500 mils): Symbol 1E_P10 [74LS10-RESCUE-CDE-3]
[missing_power_pin]: Symbol 3B_P10 has input power pins in units [ D, E ] that are not placed
    ; error
    @(24900 mils, 14300 mils): Symbol 3B_P10 [74HC04-RESCUE-CDE-3]
[missing_power_pin]: Symbol 3C_P10 has input power pins in units [ B, C, D ] that are not placed
    ; error
    @(26600 mils, 13000 mils): Symbol 3C_P10 [7402-RESCUE-CDE-3]
[missing_input_pin]: Symbol 2E_P10 has input pins in units [ C, D ] that are not placed
    ; warning
    @(9850 mils, 17700 mils): Symbol 2E_P10 [74LS13-RESCUE-CDE-3]
[missing_unit]: Symbol 2E_P10 has unplaced units [ C, D ]
    ; warning
    @(9850 mils, 17700 mils): Symbol 2E_P10 [74LS13-RESCUE-CDE-3]
[missing_input_pin]: Symbol 4D_P10 has input pins in units [ C ] that are not placed
    ; warning
    @(9900 mils, 5500 mils): Symbol 4D_P10 [7400-RESCUE-CDE-3]
[missing_unit]: Symbol 4D_P10 has unplaced units [ C ]
    ; warning
    @(9900 mils, 5500 mils): Symbol 4D_P10 [7400-RESCUE-CDE-3]
[missing_input_pin]: Symbol 1E_P10 has input pins in units [ B, C ] that are not placed
    ; warning
    @(24600 mils, 10500 mils): Symbol 1E_P10 [74LS10-RESCUE-CDE-3]
[missing_unit]: Symbol 1E_P10 has unplaced units [ B, C ]
    ; warning
    @(24600 mils, 10500 mils): Symbol 1E_P10 [74LS10-RESCUE-CDE-3]
[missing_input_pin]: Symbol 3B_P10 has input pins in units [ D, E ] that are not placed
    ; warning
    @(24900 mils, 14300 mils): Symbol 3B_P10 [74HC04-RESCUE-CDE-3]
[missing_unit]: Symbol 3B_P10 has unplaced units [ D, E ]
    ; warning
    @(24900 mils, 14300 mils): Symbol 3B_P10 [74HC04-RESCUE-CDE-3]
[missing_input_pin]: Symbol 3C_P10 has input pins in units [ B, C, D ] that are not placed
    ; warning
    @(26600 mils, 13000 mils): Symbol 3C_P10 [7402-RESCUE-CDE-3]
[missing_unit]: Symbol 3C_P10 has unplaced units [ B, C, D ]
    ; warning
    @(26600 mils, 13000 mils): Symbol 3C_P10 [7402-RESCUE-CDE-3]

***** Sheet /PRANCHA XI: CONTROLE DE ESTADO/
[missing_power_pin]: Symbol 5A_P11 has input power pins in units [ A ] that are not placed
    ; error
    @(5500 mils, 16500 mils): Symbol 5A_P11 [7402]
[missing_power_pin]: Symbol 4E_P11 has input power pins in units [ A ] that are not placed
    ; error
    @(8850 mils, 13950 mils): Symbol 4E_P11 [74LS51]
[missing_power_pin]: Symbol 2A_P11 has input power pins in units [ B ] that are not placed
    ; error
    @(13550 mils, 7600 mils): Symbol 2A_P11 [74LS51]
[missing_power_pin]: Symbol 3F_P11 has input power pins in units [ A ] that are not placed
    ; error
    @(16650 mils, 3650 mils): Symbol 3F_P11 [74LS10]
[missing_power_pin]: Symbol 5F_P11 has input power pins in units [ D, E, F ] that are not placed
    ; error
    @(17100 mils, 13700 mils): Symbol 5F_P11 [74LS04]
[no_connect_connected]: A pin with a "no connection" flag is connected
    ; warning
    @(4800 mils, 2600 mils): Symbol CONECTOR_P11 Pin 2 [P2, Passive, Line]
    @(16700 mils, 14450 mils): No Connect
[missing_input_pin]: Symbol 5A_P11 has input pins in units [ A ] that are not placed
    ; warning
    @(5500 mils, 16500 mils): Symbol 5A_P11 [7402]
[missing_unit]: Symbol 5A_P11 has unplaced units [ A ]
    ; warning
    @(5500 mils, 16500 mils): Symbol 5A_P11 [7402]
[missing_input_pin]: Symbol 4E_P11 has input pins in units [ A ] that are not placed
    ; warning
    @(8850 mils, 13950 mils): Symbol 4E_P11 [74LS51]
[missing_unit]: Symbol 4E_P11 has unplaced units [ A ]
    ; warning
    @(8850 mils, 13950 mils): Symbol 4E_P11 [74LS51]
[missing_input_pin]: Symbol 2A_P11 has input pins in units [ B ] that are not placed
    ; warning
    @(13550 mils, 7600 mils): Symbol 2A_P11 [74LS51]
[missing_unit]: Symbol 2A_P11 has unplaced units [ B ]
    ; warning
    @(13550 mils, 7600 mils): Symbol 2A_P11 [74LS51]
[no_connect_connected]: A pin with a "no connection" flag is connected
    ; warning
    @(14500 mils, 3350 mils): Symbol 3F_P11 Pin 11 [Input, Line]
    @(16700 mils, 14050 mils): No Connect
[missing_input_pin]: Symbol 3F_P11 has input pins in units [ A ] that are not placed
    ; warning
    @(16650 mils, 3650 mils): Symbol 3F_P11 [74LS10]
[missing_unit]: Symbol 3F_P11 has unplaced units [ A ]
    ; warning
    @(16650 mils, 3650 mils): Symbol 3F_P11 [74LS10]
[missing_input_pin]: Symbol 5F_P11 has input pins in units [ D, E, F ] that are not placed
    ; warning
    @(17100 mils, 13700 mils): Symbol 5F_P11 [74LS04]
[missing_unit]: Symbol 5F_P11 has unplaced units [ D, E, F ]
    ; warning
    @(17100 mils, 13700 mils): Symbol 5F_P11 [74LS04]

***** Sheet /PRANCHA XII: PLACA CONTROLE 1/
[missing_power_pin]: Symbol 4C_P12 has input power pins in units [ A, B ] that are not placed
    ; error
    @(2300 mils, 10550 mils): Symbol 4C_P12 [7400]
[pin_to_pin]: Pins of type Output and Output are connected
    ; error
    @(7600 mils, 11700 mils): Symbol 2D_P12 Pin 11 [Output, Line]
    @(7600 mils, 13500 mils): Symbol 2E_P12 Pin 11 [Output, Line]
[pin_to_pin]: Pins of type Output and Output are connected
    ; error
    @(7600 mils, 12000 mils): Symbol 2D_P12 Pin 12 [Output, Line]
    @(7600 mils, 13800 mils): Symbol 2E_P12 Pin 12 [Output, Line]
[pin_to_pin]: Pins of type Output and Output are connected
    ; error
    @(7600 mils, 12600 mils): Symbol 2D_P12 Pin 9 [Output, Line]
    @(7600 mils, 11700 mils): Symbol 2D_P12 Pin 11 [Output, Line]
[pin_to_pin]: Pins of type Output and Output are connected
    ; error
    @(7600 mils, 12900 mils): Symbol 2D_P12 Pin 10 [Output, Line]
    @(7600 mils, 12000 mils): Symbol 2D_P12 Pin 12 [Output, Line]
[pin_to_pin]: Pins of type Output and Output are connected
    ; error
    @(7600 mils, 14400 mils): Symbol 2E_P12 Pin 9 [Output, Line]
    @(7600 mils, 13500 mils): Symbol 2E_P12 Pin 11 [Output, Line]
[pin_to_pin]: Pins of type Output and Output are connected
    ; error
    @(7600 mils, 14700 mils): Symbol 2E_P12 Pin 10 [Output, Line]
    @(7600 mils, 13800 mils): Symbol 2E_P12 Pin 12 [Output, Line]
[missing_power_pin]: Symbol 3E_P12 has input power pins in units [ C, D ] that are not placed
    ; error
    @(9550 mils, 10700 mils): Symbol 3E_P12 [74LS13]
[missing_power_pin]: Symbol 4E_P12 has input power pins in units [ B, C ] that are not placed
    ; error
    @(12900 mils, 8400 mils): Symbol 4E_P12 [74LS10]
[missing_power_pin]: Symbol 4B_P12 has input power pins in units [ B, C, D ] that are not placed
    ; error
    @(13450 mils, 14150 mils): Symbol 4B_P12 [7400]
[pin_to_pin]: Pins of type Output and Output are connected
    ; error
    @(14400 mils, 2000 mils): Symbol 1B_P12 Pin 6 [Output, Inverted]
    @(14600 mils, 13150 mils): Symbol 3C_P15 Pin 8 [Output, Inverted]
[missing_power_pin]: Symbol 5B_P12 has input power pins in units [ B, C ] that are not placed
    ; error
    @(14550 mils, 11300 mils): Symbol 5B_P12 [7402]
[missing_power_pin]: Symbol 3B_P12 has input power pins in units [ F ] that are not placed
    ; error
    @(14550 mils, 13400 mils): Symbol 3B_P12 [74LS04]
[missing_power_pin]: Symbol _2C_P12 has input power pins in units [ B ] that are not placed
    ; error
    @(14950 mils, 14950 mils): Symbol _2C_P12 [74LS51]
[missing_power_pin]: Symbol 5C_P12 has input power pins in units [ D ] that are not placed
    ; error
    @(15800 mils, 4250 mils): Symbol 5C_P12 [7400]
[pin_to_pin]: Pins of type Output and Output are connected
    ; error
    @(15800 mils, 7750 mils): Symbol 1A_P12 Pin 2 [Output, Inverted]
    @(14050 mils, 14500 mils): Symbol 3A_P15 Pin 2 [Output, Inverted]
[pin_to_pin]: Pins of type Output and Output are connected
    ; error
    @(15800 mils, 8400 mils): Symbol 1A_P12 Pin 4 [Output, Inverted]
    @(14050 mils, 15250 mils): Symbol 3A_P15 Pin 4 [Output, Inverted]
[pin_to_pin]: Pins of type Output and Output are connected
    ; error
    @(15800 mils, 9000 mils): Symbol 1A_P12 Pin 6 [Output, Inverted]
    @(14050 mils, 16000 mils): Symbol 3A_P15 Pin 6 [Output, Inverted]
[pin_to_pin]: Pins of type Output and Output are connected
    ; error
    @(15800 mils, 9650 mils): Symbol 1A_P12 Pin 8 [Output, Inverted]
    @(23950 mils, 12150 mils): Symbol 3F_P13 Pin 12 [Output, Inverted]
[missing_power_pin]: Symbol 1E_P12 has input power pins in units [ B ] that are not placed
    ; error
    @(16050 mils, 14950 mils): Symbol 1E_P12 [74LS04]
[missing_power_pin]: Symbol 3D_P12 has input power pins in units [ A ] that are not placed
    ; error
    @(17600 mils, 6600 mils): Symbol 3D_P12 [7400]
[missing_power_pin]: Symbol 5D_P12 has input power pins in units [ C, D ] that are not placed
    ; error
    @(19550 mils, 4350 mils): Symbol 5D_P12 [74LS13]
[missing_input_pin]: Symbol 4C_P12 has input pins in units [ A, B ] that are not placed
    ; warning
    @(2300 mils, 10550 mils): Symbol 4C_P12 [7400]
[missing_unit]: Symbol 4C_P12 has unplaced units [ A, B ]
    ; warning
    @(2300 mils, 10550 mils): Symbol 4C_P12 [7400]
[missing_input_pin]: Symbol 3E_P12 has input pins in units [ C, D ] that are not placed
    ; warning
    @(9550 mils, 10700 mils): Symbol 3E_P12 [74LS13]
[missing_unit]: Symbol 3E_P12 has unplaced units [ C, D ]
    ; warning
    @(9550 mils, 10700 mils): Symbol 3E_P12 [74LS13]
[missing_input_pin]: Symbol 4E_P12 has input pins in units [ B, C ] that are not placed
    ; warning
    @(12900 mils, 8400 mils): Symbol 4E_P12 [74LS10]
[missing_unit]: Symbol 4E_P12 has unplaced units [ B, C ]
    ; warning
    @(12900 mils, 8400 mils): Symbol 4E_P12 [74LS10]
[missing_input_pin]: Symbol 4B_P12 has input pins in units [ B, C, D ] that are not placed
    ; warning
    @(13450 mils, 14150 mils): Symbol 4B_P12 [7400]
[missing_unit]: Symbol 4B_P12 has unplaced units [ B, C, D ]
    ; warning
    @(13450 mils, 14150 mils): Symbol 4B_P12 [7400]
[missing_input_pin]: Symbol 5B_P12 has input pins in units [ B, C ] that are not placed
    ; warning
    @(14550 mils, 11300 mils): Symbol 5B_P12 [7402]
[missing_unit]: Symbol 5B_P12 has unplaced units [ B, C ]
    ; warning
    @(14550 mils, 11300 mils): Symbol 5B_P12 [7402]
[missing_input_pin]: Symbol 3B_P12 has input pins in units [ F ] that are not placed
    ; warning
    @(14550 mils, 13400 mils): Symbol 3B_P12 [74LS04]
[missing_unit]: Symbol 3B_P12 has unplaced units [ F ]
    ; warning
    @(14550 mils, 13400 mils): Symbol 3B_P12 [74LS04]
[missing_input_pin]: Symbol _2C_P12 has input pins in units [ B ] that are not placed
    ; warning
    @(14950 mils, 14950 mils): Symbol _2C_P12 [74LS51]
[missing_unit]: Symbol _2C_P12 has unplaced units [ B ]
    ; warning
    @(14950 mils, 14950 mils): Symbol _2C_P12 [74LS51]
[missing_input_pin]: Symbol 5C_P12 has input pins in units [ D ] that are not placed
    ; warning
    @(15800 mils, 4250 mils): Symbol 5C_P12 [7400]
[missing_unit]: Symbol 5C_P12 has unplaced units [ D ]
    ; warning
    @(15800 mils, 4250 mils): Symbol 5C_P12 [7400]
[missing_input_pin]: Symbol 1E_P12 has input pins in units [ B ] that are not placed
    ; warning
    @(16050 mils, 14950 mils): Symbol 1E_P12 [74LS04]
[missing_unit]: Symbol 1E_P12 has unplaced units [ B ]
    ; warning
    @(16050 mils, 14950 mils): Symbol 1E_P12 [74LS04]
[missing_input_pin]: Symbol 3D_P12 has input pins in units [ A ] that are not placed
    ; warning
    @(17600 mils, 6600 mils): Symbol 3D_P12 [7400]
[missing_unit]: Symbol 3D_P12 has unplaced units [ A ]
    ; warning
    @(17600 mils, 6600 mils): Symbol 3D_P12 [7400]
[missing_input_pin]: Symbol 5D_P12 has input pins in units [ C, D ] that are not placed
    ; warning
    @(19550 mils, 4350 mils): Symbol 5D_P12 [74LS13]
[missing_unit]: Symbol 5D_P12 has unplaced units [ C, D ]
    ; warning
    @(19550 mils, 4350 mils): Symbol 5D_P12 [74LS13]

***** Sheet /PRANCHA XIII: PLACA SINAIS CONTROLE/
[pin_to_pin]: Pins of type Output and Output are connected
    ; error
    @(8200 mils, 2400 mils): Symbol 1A_P13 Pin 6 [Output, Inverted]
    @(14050 mils, 14500 mils): Symbol 3A_P15 Pin 2 [Output, Inverted]
[pin_to_pin]: Pins of type Output and Output are connected
    ; error
    @(8750 mils, 10050 mils): Symbol 2A_P13 Pin 6 [Output, Inverted]
    @(14050 mils, 16000 mils): Symbol 3A_P15 Pin 6 [Output, Inverted]
[pin_to_pin]: Pins of type Output and Output are connected
    ; error
    @(9050 mils, 11200 mils): Symbol 3D_P13 Pin 13 [Output, Inverted]
    @(13200 mils, 9300 mils): Symbol 3E_P15 Pin 1 [Output, Inverted]
[pin_to_pin]: Pins of type Output and Output are connected
    ; error
    @(9050 mils, 15800 mils): Symbol 2A_P13 Pin 8 [Output, Inverted]
    @(14050 mils, 15250 mils): Symbol 3A_P15 Pin 4 [Output, Inverted]
[pin_to_pin]: Pins of type Output and Output are connected
    ; error
    @(9500 mils, 1800 mils): Symbol 1C_P13 Pin 11 [Output, Inverted]
    @(12650 mils, 13250 mils): Symbol 2B_P15 Pin 11 [Output, Inverted]
[missing_power_pin]: Symbol 1B_P13 has input power pins in units [ D ] that are not placed
    ; error
    @(9900 mils, 10400 mils): Symbol 1B_P13 [7400]
[missing_power_pin]: Symbol 2D_P13 has input power pins in units [ B ] that are not placed
    ; error
    @(15200 mils, 10700 mils): Symbol 2D_P13 [74LS51]
[pin_not_driven]: Input pin not driven by any Output pins
    ; error
    @(16050 mils, 15200 mils): Symbol 3C_P13 Pin 9 [Input, Line]
[missing_power_pin]: Symbol 4A_P13 has input power pins in units [ C ] that are not placed
    ; error
    @(17650 mils, 2000 mils): Symbol 4A_P13 [74HC04]
[missing_power_pin]: Symbol 1E_P13 has input power pins in units [ A ] that are not placed
    ; error
    @(21700 mils, 13250 mils): Symbol 1E_P13 [7400]
[missing_power_pin]: Symbol 2F_P13 has input power pins in units [ C, D ] that are not placed
    ; error
    @(22100 mils, 4900 mils): Symbol 2F_P13 [74LS13]
[missing_power_pin]: Symbol 4D_P13 has input power pins in units [ C, D ] that are not placed
    ; error
    @(25150 mils, 4500 mils): Symbol 4D_P13 [74LS13]
[missing_input_pin]: Symbol 1B_P13 has input pins in units [ D ] that are not placed
    ; warning
    @(9900 mils, 10400 mils): Symbol 1B_P13 [7400]
[missing_unit]: Symbol 1B_P13 has unplaced units [ D ]
    ; warning
    @(9900 mils, 10400 mils): Symbol 1B_P13 [7400]
[missing_input_pin]: Symbol 2D_P13 has input pins in units [ B ] that are not placed
    ; warning
    @(15200 mils, 10700 mils): Symbol 2D_P13 [74LS51]
[missing_unit]: Symbol 2D_P13 has unplaced units [ B ]
    ; warning
    @(15200 mils, 10700 mils): Symbol 2D_P13 [74LS51]
[missing_input_pin]: Symbol 4A_P13 has input pins in units [ C ] that are not placed
    ; warning
    @(17650 mils, 2000 mils): Symbol 4A_P13 [74HC04]
[missing_unit]: Symbol 4A_P13 has unplaced units [ C ]
    ; warning
    @(17650 mils, 2000 mils): Symbol 4A_P13 [74HC04]
[missing_input_pin]: Symbol 1E_P13 has input pins in units [ A ] that are not placed
    ; warning
    @(21700 mils, 13250 mils): Symbol 1E_P13 [7400]
[missing_unit]: Symbol 1E_P13 has unplaced units [ A ]
    ; warning
    @(21700 mils, 13250 mils): Symbol 1E_P13 [7400]
[missing_input_pin]: Symbol 2F_P13 has input pins in units [ C, D ] that are not placed
    ; warning
    @(22100 mils, 4900 mils): Symbol 2F_P13 [74LS13]
[missing_unit]: Symbol 2F_P13 has unplaced units [ C, D ]
    ; warning
    @(22100 mils, 4900 mils): Symbol 2F_P13 [74LS13]
[missing_input_pin]: Symbol 4D_P13 has input pins in units [ C, D ] that are not placed
    ; warning
    @(25150 mils, 4500 mils): Symbol 4D_P13 [74LS13]
[missing_unit]: Symbol 4D_P13 has unplaced units [ C, D ]
    ; warning
    @(25150 mils, 4500 mils): Symbol 4D_P13 [74LS13]

***** Sheet /PRANCHA XIV: PLACA DE CONTROLE/
[pin_to_pin]: Pins of type Output and Output are connected
    ; error
    @(10550 mils, 11200 mils): Symbol 1A_P14 Pin 6 [Output, Inverted]
    @(12650 mils, 13250 mils): Symbol 2B_P15 Pin 11 [Output, Inverted]
[missing_power_pin]: Symbol 1D_P14 has input power pins in units [ B ] that are not placed
    ; error
    @(13200 mils, 15150 mils): Symbol 1D_P14 [74LS51]
[pin_to_pin]: Pins of type Output and Output are connected
    ; error
    @(21650 mils, 6550 mils): Symbol 1A_P14 Pin 12 [Output, Inverted]
    @(14050 mils, 14500 mils): Symbol 3A_P15 Pin 2 [Output, Inverted]
[pin_to_pin]: Pins of type Output and Output are connected
    ; error
    @(21650 mils, 9050 mils): Symbol 3A_P14 Pin 4 [Output, Inverted]
    @(14050 mils, 15250 mils): Symbol 3A_P15 Pin 4 [Output, Inverted]
[pin_to_pin]: Pins of type Output and Output are connected
    ; error
    @(22850 mils, 7600 mils): Symbol 3A_P14 Pin 12 [Output, Inverted]
    @(14050 mils, 16000 mils): Symbol 3A_P15 Pin 6 [Output, Inverted]
[pin_to_pin]: Pins of type Output and Output are connected
    ; error
    @(24600 mils, 7100 mils): Symbol 2A_P14 Pin 1 [Output, Inverted]
    @(9750 mils, 6050 mils): Symbol 2B_P13 Pin 10 [Output, Inverted]
[missing_power_pin]: Symbol 3E_P14 has input power pins in units [ A ] that are not placed
    ; error
    @(27850 mils, 16900 mils): Symbol 3E_P14 [7460]
[missing_input_pin]: Symbol 1D_P14 has input pins in units [ B ] that are not placed
    ; warning
    @(13200 mils, 15150 mils): Symbol 1D_P14 [74LS51]
[missing_unit]: Symbol 1D_P14 has unplaced units [ B ]
    ; warning
    @(13200 mils, 15150 mils): Symbol 1D_P14 [74LS51]
[missing_input_pin]: Symbol 3E_P14 has input pins in units [ A ] that are not placed
    ; warning
    @(27850 mils, 16900 mils): Symbol 3E_P14 [7460]
[missing_unit]: Symbol 3E_P14 has unplaced units [ A ]
    ; warning
    @(27850 mils, 16900 mils): Symbol 3E_P14 [7460]

***** Sheet /PRANCHA XV: SINAIS DE CONTROLE/
[pin_to_pin]: Pins of type Output and Output are connected
    ; error
    @(11800 mils, 16750 mils): Symbol 2A_P15 Pin 8 [Output, Inverted]
    @(20700 mils, 9550 mils): Symbol 4A_P12 Pin 8 [Output, Inverted]
[missing_power_pin]: Symbol 3B_P15 has input power pins in units [ E ] that are not placed
    ; error
    @(12550 mils, 5300 mils): Symbol 3B_P15 [74LS04]
[missing_power_pin]: Symbol 3E_P15 has input power pins in units [ C, D ] that are not placed
    ; error
    @(12600 mils, 9300 mils): Symbol 3E_P15 [7402]
[pin_to_pin]: Pins of type Output and Output are connected
    ; error
    @(14050 mils, 16750 mils): Symbol 3A_P15 Pin 8 [Output, Inverted]
    @(23950 mils, 12150 mils): Symbol 3F_P13 Pin 12 [Output, Inverted]
[pin_not_driven]: Input pin not driven by any Output pins
    ; error
    @(14550 mils, 7250 mils): Symbol 2C_P15 Pin 3 [Input, Line]
[pin_not_driven]: Input pin not driven by any Output pins
    ; error
    @(14550 mils, 7550 mils): Symbol 2C_P15 Pin 5 [Input, Line]
[pin_not_driven]: Input pin not driven by any Output pins
    ; error
    @(16600 mils, 7400 mils): Symbol 1E_P15 Pin 3 [Input, Line]
[pin_to_pin]: Pins of type Open collector and Output are connected
    ; error
    @(18600 mils, 8500 mils): Symbol 3D_P15 Pin 12 [Open collector, Line]
    @(17500 mils, 7450 mils): Symbol 1E_P15 Pin 8 [Output, Inverted]
[pin_not_driven]: Input pin not driven by any Output pins
    ; error
    @(18700 mils, 9600 mils): Symbol 2E_P15 Pin 5 [Input, Line]
[missing_power_pin]: Symbol 5D_P15 has input power pins in units [ C ] that are not placed
    ; error
    @(22000 mils, 17600 mils): Symbol 5D_P15 [74LS15]
[missing_power_pin]: Symbol 5C_P15 has input power pins in units [ C, D ] that are not placed
    ; error
    @(23450 mils, 9700 mils): Symbol 5C_P15 [7400]
[missing_power_pin]: Symbol 5B_P15 has input power pins in units [ D ] that are not placed
    ; error
    @(25300 mils, 16150 mils): Symbol 5B_P15 [7400]
[missing_power_pin]: Symbol 4C_P15 has input power pins in units [ B ] that are not placed
    ; error
    @(26250 mils, 6700 mils): Symbol 4C_P15 [74LS51]
[missing_power_pin]: Symbol 5A_P15 has input power pins in units [ B ] that are not placed
    ; error
    @(26800 mils, 16900 mils): Symbol 5A_P15 [74LS20]
[missing_power_pin]: Symbol 4B_P15 has input power pins in units [ B ] that are not placed
    ; error
    @(27500 mils, 6700 mils): Symbol 4B_P15 [74LS20]
[pin_not_driven]: Input pin not driven by any Output pins
    ; error
    @(27600 mils, 16450 mils): Symbol 5B_P15 Pin 4 [Input, Line]
[missing_input_pin]: Symbol 3B_P15 has input pins in units [ E ] that are not placed
    ; warning
    @(12550 mils, 5300 mils): Symbol 3B_P15 [74LS04]
[missing_unit]: Symbol 3B_P15 has unplaced units [ E ]
    ; warning
    @(12550 mils, 5300 mils): Symbol 3B_P15 [74LS04]
[missing_input_pin]: Symbol 3E_P15 has input pins in units [ C, D ] that are not placed
    ; warning
    @(12600 mils, 9300 mils): Symbol 3E_P15 [7402]
[missing_unit]: Symbol 3E_P15 has unplaced units [ C, D ]
    ; warning
    @(12600 mils, 9300 mils): Symbol 3E_P15 [7402]
[missing_input_pin]: Symbol 5D_P15 has input pins in units [ C ] that are not placed
    ; warning
    @(22000 mils, 17600 mils): Symbol 5D_P15 [74LS15]
[missing_unit]: Symbol 5D_P15 has unplaced units [ C ]
    ; warning
    @(22000 mils, 17600 mils): Symbol 5D_P15 [74LS15]
[missing_input_pin]: Symbol 5C_P15 has input pins in units [ C, D ] that are not placed
    ; warning
    @(23450 mils, 9700 mils): Symbol 5C_P15 [7400]
[missing_unit]: Symbol 5C_P15 has unplaced units [ C, D ]
    ; warning
    @(23450 mils, 9700 mils): Symbol 5C_P15 [7400]
[missing_input_pin]: Symbol 5B_P15 has input pins in units [ D ] that are not placed
    ; warning
    @(25300 mils, 16150 mils): Symbol 5B_P15 [7400]
[missing_unit]: Symbol 5B_P15 has unplaced units [ D ]
    ; warning
    @(25300 mils, 16150 mils): Symbol 5B_P15 [7400]
[missing_input_pin]: Symbol 4C_P15 has input pins in units [ B ] that are not placed
    ; warning
    @(26250 mils, 6700 mils): Symbol 4C_P15 [74LS51]
[missing_unit]: Symbol 4C_P15 has unplaced units [ B ]
    ; warning
    @(26250 mils, 6700 mils): Symbol 4C_P15 [74LS51]
[missing_input_pin]: Symbol 5A_P15 has input pins in units [ B ] that are not placed
    ; warning
    @(26800 mils, 16900 mils): Symbol 5A_P15 [74LS20]
[missing_unit]: Symbol 5A_P15 has unplaced units [ B ]
    ; warning
    @(26800 mils, 16900 mils): Symbol 5A_P15 [74LS20]
[missing_input_pin]: Symbol 4B_P15 has input pins in units [ B ] that are not placed
    ; warning
    @(27500 mils, 6700 mils): Symbol 4B_P15 [74LS20]
[missing_unit]: Symbol 4B_P15 has unplaced units [ B ]
    ; warning
    @(27500 mils, 6700 mils): Symbol 4B_P15 [74LS20]

***** Sheet /PRANCHA XVI: SINAIS DE CONTROLE/
[pin_to_pin]: Pins of type Output and Output are connected
    ; error
    @(11750 mils, 14950 mils): Symbol 1A_P16 Pin 12 [Output, Inverted]
    @(14050 mils, 14500 mils): Symbol 3A_P15 Pin 2 [Output, Inverted]
[missing_power_pin]: Symbol 1C_P16 has input power pins in units [ C, D ] that are not placed
    ; error
    @(12600 mils, 17300 mils): Symbol 1C_P16 [74HC02]
[missing_power_pin]: Symbol 2C_P16 has input power pins in units [ B ] that are not placed
    ; error
    @(14350 mils, 6800 mils): Symbol 2C_P16 [74LS51]
[missing_power_pin]: Symbol 2D_P16 has input power pins in units [ D ] that are not placed
    ; error
    @(14350 mils, 17600 mils): Symbol 2D_P16 [7400]
[missing_power_pin]: Symbol 1B_P16 has input power pins in units [ B ] that are not placed
    ; error
    @(16550 mils, 10800 mils): Symbol 1B_P16 [74LS40]
[missing_power_pin]: Symbol 3C_P16 has input power pins in units [ B ] that are not placed
    ; error
    @(16750 mils, 6800 mils): Symbol 3C_P16 [74LS40]
[missing_power_pin]: Symbol 1D_P16 has input power pins in units [ D, E ] that are not placed
    ; error
    @(19600 mils, 10300 mils): Symbol 1D_P16 [74HC04]
[pin_to_pin]: Pins of type Output and Output are connected
    ; error
    @(26650 mils, 14100 mils): Symbol 1A_P16 Pin 10 [Output, Inverted]
    @(9750 mils, 5650 mils): Symbol 2A_P13 Pin 12 [Output, Inverted]
[pin_to_pin]: Pins of type Output and Output are connected
    ; error
    @(26650 mils, 15200 mils): Symbol 1A_P16 Pin 8 [Output, Inverted]
    @(14050 mils, 16000 mils): Symbol 3A_P15 Pin 6 [Output, Inverted]
[pin_to_pin]: Pins of type Output and Output are connected
    ; error
    @(26850 mils, 7750 mils): Symbol 2A_P16 Pin 6 [Output, Inverted]
    @(24950 mils, 3400 mils): Symbol 3B_P13 Pin 6 [Output, Inverted]
[pin_to_pin]: Pins of type Output and Output are connected
    ; error
    @(26850 mils, 9050 mils): Symbol 3B_P16 Pin 3 [Output, Inverted]
    @(23850 mils, 11150 mils): Symbol 5C_P13 Pin 8 [Output, Inverted]
[missing_input_pin]: Symbol 1C_P16 has input pins in units [ C, D ] that are not placed
    ; warning
    @(12600 mils, 17300 mils): Symbol 1C_P16 [74HC02]
[missing_unit]: Symbol 1C_P16 has unplaced units [ C, D ]
    ; warning
    @(12600 mils, 17300 mils): Symbol 1C_P16 [74HC02]
[missing_input_pin]: Symbol 2C_P16 has input pins in units [ B ] that are not placed
    ; warning
    @(14350 mils, 6800 mils): Symbol 2C_P16 [74LS51]
[missing_unit]: Symbol 2C_P16 has unplaced units [ B ]
    ; warning
    @(14350 mils, 6800 mils): Symbol 2C_P16 [74LS51]
[missing_input_pin]: Symbol 2D_P16 has input pins in units [ D ] that are not placed
    ; warning
    @(14350 mils, 17600 mils): Symbol 2D_P16 [7400]
[missing_unit]: Symbol 2D_P16 has unplaced units [ D ]
    ; warning
    @(14350 mils, 17600 mils): Symbol 2D_P16 [7400]
[missing_input_pin]: Symbol 1B_P16 has input pins in units [ B ] that are not placed
    ; warning
    @(16550 mils, 10800 mils): Symbol 1B_P16 [74LS40]
[missing_unit]: Symbol 1B_P16 has unplaced units [ B ]
    ; warning
    @(16550 mils, 10800 mils): Symbol 1B_P16 [74LS40]
[missing_input_pin]: Symbol 3C_P16 has input pins in units [ B ] that are not placed
    ; warning
    @(16750 mils, 6800 mils): Symbol 3C_P16 [74LS40]
[missing_unit]: Symbol 3C_P16 has unplaced units [ B ]
    ; warning
    @(16750 mils, 6800 mils): Symbol 3C_P16 [74LS40]
[missing_input_pin]: Symbol 1D_P16 has input pins in units [ D, E ] that are not placed
    ; warning
    @(19600 mils, 10300 mils): Symbol 1D_P16 [74HC04]
[missing_unit]: Symbol 1D_P16 has unplaced units [ D, E ]
    ; warning
    @(19600 mils, 10300 mils): Symbol 1D_P16 [74HC04]
[same_local_global_label]: Local and global labels have same name
    ; warning
    @(24900 mils, 12950 mils): Global Label '+(F2.SAESA)'
    @(13150 mils, 6800 mils): Label '+(F2.SAESA)'

 ** ERC messages: 1564  Errors 119  Warnings 1445

 ** Ignored checks:
    - Global label only appears once in the schematic
    - Four connection points are joined together
    - SPICE model issue
    - Assigned footprint doesn't match footprint filters
